2026-09-13 11:43:49 [info]: Entering prafulp1010@gmail.com value in Username text box
2026-09-13 11:43:49 [info]: Entering prafulp1010@gmail.com text in locator('#email')
2026-09-13 11:43:49 [info]: Entering Pr@ful0812 value in Password Text box
2026-09-13 11:43:49 [info]: Entering Pr@ful0812 text in locator('#password')
2026-09-13 11:43:49 [info]: Clicking on Login button
2026-09-13 11:43:49 [info]: Clicking on getByRole('button', { name: 'Login' })
2026-09-13 11:44:37 [info]: Entering prafulp1010@gmail.com value in Username text box
2026-09-13 11:44:37 [info]: Entering prafulp1010@gmail.com text in locator('#email')
2026-09-13 11:44:37 [info]: Entering Pr@ful0812 value in Password Text box
2026-09-13 11:44:37 [info]: Entering Pr@ful0812 text in locator('#password')
2026-09-13 11:44:37 [info]: Clicking on Login button
2026-09-13 11:44:37 [info]: Clicking on getByRole('button', { name: 'Login' })
2026-09-13 11:46:19 [info]: Entering prafulp1010@gmail.com value in Username text box
2026-09-13 11:46:19 [info]: Entering prafulp1010@gmail.com text in locator('#email')
2026-09-13 11:46:19 [info]: Entering Pr@ful0812 value in Password Text box
2026-09-13 11:46:19 [info]: Entering Pr@ful0812 text in locator('#password')
2026-09-13 11:46:19 [info]: Clicking on Login button
2026-09-13 11:46:19 [info]: Clicking on getByRole('button', { name: 'Login' })
2026-09-13 11:46:23 [info]: Clicking on contact links
2026-09-13 11:46:23 [info]: Clicking on locator('//a[text()=\'Contacts\']')
2026-09-13 11:46:23 [info]: Clicking on contact links
2026-09-13 11:46:23 [info]: Clicking on locator('//a[text()=\'Contacts\']')
2026-09-13 11:46:56 [info]: Clicking on contact links
2026-09-13 11:46:56 [info]: Clicking on locator('//a[text()=\'Contacts\']')
2026-09-13 11:46:56 [info]: Clicking on contact links
2026-09-13 11:46:56 [info]: Clicking on locator('//a[text()=\'Contacts\']')
2026-09-13 11:47:29 [info]: Clicking on contact links
2026-09-13 11:47:29 [info]: Clicking on locator('//a[text()=\'Contacts\']')
2026-09-13 11:47:29 [info]: Clicking on contact links
2026-09-13 11:47:29 [info]: Clicking on locator('//a[text()=\'Contacts\']')
2026-09-13 11:47:40 [info]: Clicking on contact links
2026-09-13 11:47:40 [info]: Clicking on locator('//a[text()=\'Contacts\']')
2026-09-13 11:47:42 [info]: Clicking on contact links
2026-09-13 11:47:42 [info]: Clicking on locator('//a[text()=\'Contacts\']')
2026-09-13 11:49:01 [info]: Entering prafulp1010@gmail.com value in Username text box
2026-09-13 11:49:01 [info]: Entering prafulp1010@gmail.com text in locator('#email')
2026-09-13 11:49:01 [info]: Entering Pr@ful0812 value in Password Text box
2026-09-13 11:49:01 [info]: Entering Pr@ful0812 text in locator('#password')
2026-09-13 11:49:01 [info]: Clicking on Login button
2026-09-13 11:49:01 [info]: Clicking on getByRole('button', { name: 'Login' })
2026-09-13 11:49:05 [info]: Clicking on contact links
2026-09-13 11:49:05 [info]: Clicking on locator('//a[text()=\'Contacts\']')
2026-09-13 11:49:05 [info]: Clicking on contact links
2026-09-13 11:49:05 [info]: Clicking on locator('//a[text()=\'Contacts\']')
2026-09-13 11:49:38 [info]: Entering prafulp1010@gmail.com value in Username text box
2026-09-13 11:49:38 [info]: Entering prafulp1010@gmail.com text in locator('#email')
2026-09-13 11:49:38 [info]: Entering Pr@ful0812 value in Password Text box
2026-09-13 11:49:38 [info]: Entering Pr@ful0812 text in locator('#password')
2026-09-13 11:49:38 [info]: Clicking on Login button
2026-09-13 11:49:38 [info]: Clicking on getByRole('button', { name: 'Login' })
2026-09-13 11:49:42 [info]: Clicking on contact links
2026-09-13 11:49:42 [info]: Clicking on locator('//a[text()=\'Contacts\']')
2026-09-13 11:49:43 [info]: Clicking on contact links
2026-09-13 11:49:43 [info]: Clicking on locator('//a[text()=\'Contacts\']')
2026-09-13 11:50:15 [info]: Clicking on contact links
2026-09-13 11:50:15 [info]: Clicking on locator('//a[text()=\'Contacts\']')
2026-09-13 11:50:15 [info]: Clicking on contact links
2026-09-13 11:50:15 [info]: Clicking on locator('//a[text()=\'Contacts\']')
2026-09-13 11:50:48 [info]: Entering prafulp1010@gmail.com value in Username text box
2026-09-13 11:50:48 [info]: Entering prafulp1010@gmail.com text in locator('#email')
2026-09-13 11:50:48 [info]: Entering Pr@ful0812 value in Password Text box
2026-09-13 11:50:48 [info]: Entering Pr@ful0812 text in locator('#password')
2026-09-13 11:50:48 [info]: Clicking on Login button
2026-09-13 11:50:48 [info]: Clicking on getByRole('button', { name: 'Login' })
2026-09-13 11:50:52 [info]: Clicking on contact links
2026-09-13 11:50:52 [info]: Clicking on locator('//a[text()=\'Contacts\']')
2026-09-13 11:50:53 [info]: Clicking on contact links
2026-09-13 11:50:53 [info]: Clicking on locator('//a[text()=\'Contacts\']')
2026-09-13 11:51:36 [info]: Entering prafulp1010@gmail.com value in Username text box
2026-09-13 11:51:36 [info]: Entering prafulp1010@gmail.com text in locator('#email')
2026-09-13 11:51:36 [info]: Entering Pr@ful0812 value in Password Text box
2026-09-13 11:51:36 [info]: Entering Pr@ful0812 text in locator('#password')
2026-09-13 11:51:36 [info]: Clicking on Login button
2026-09-13 11:51:36 [info]: Clicking on getByRole('button', { name: 'Login' })
2026-09-13 11:51:40 [info]: Clicking on contact links
2026-09-13 11:51:40 [info]: Clicking on locator('//a[text()=\'Contacts\']')
2026-09-13 11:51:40 [info]: Clicking on contact links
2026-09-13 11:51:40 [info]: Clicking on locator('//a[text()=\'Contacts\']')
2026-09-13 11:52:13 [info]: Clicking on contact links
2026-09-13 11:52:13 [info]: Clicking on locator('//a[text()=\'Contacts\']')
2026-09-13 11:52:13 [info]: Clicking on contact links
2026-09-13 11:52:13 [info]: Clicking on locator('//a[text()=\'Contacts\']')
2026-09-13 11:52:28 [info]: Entering prafulp1010@gmail.com value in Username text box
2026-09-13 11:52:28 [info]: Entering prafulp1010@gmail.com text in locator('#email')
2026-09-13 11:52:28 [info]: Entering Pr@ful0812 value in Password Text box
2026-09-13 11:52:28 [info]: Entering Pr@ful0812 text in locator('#password')
2026-09-13 11:52:28 [info]: Clicking on Login button
2026-09-13 11:52:28 [info]: Clicking on getByRole('button', { name: 'Login' })
2026-09-13 11:52:32 [info]: Clicking on contact links
2026-09-13 11:52:32 [info]: Clicking on locator('//a[text()=\'Contacts\']')
2026-09-13 11:52:32 [info]: Clicking on contact links
2026-09-13 11:52:32 [info]: Clicking on locator('//a[text()=\'Contacts\']')
2026-09-13 11:53:09 [info]: Entering prafulp1010@gmail.com value in Username text box
2026-09-13 11:53:09 [info]: Entering prafulp1010@gmail.com text in locator('#email')
2026-09-13 11:53:09 [info]: Entering Pr@ful0812 value in Password Text box
2026-09-13 11:53:09 [info]: Entering Pr@ful0812 text in locator('#password')
2026-09-13 11:53:09 [info]: Clicking on Login button
2026-09-13 11:53:09 [info]: Clicking on getByRole('button', { name: 'Login' })
2026-09-13 11:53:13 [info]: Clicking on contact links
2026-09-13 11:53:13 [info]: Clicking on locator('//a[text()=\'Contacts\']')
2026-09-13 11:53:13 [info]: Clicking on contact links
2026-09-13 11:53:13 [info]: Clicking on locator('//a[text()=\'Contacts\']')
2026-09-13 11:53:46 [info]: Clicking on contact links
2026-09-13 11:53:46 [info]: Clicking on locator('//a[text()=\'Contacts\']')
2026-09-13 11:53:46 [info]: Clicking on contact links
2026-09-13 11:53:46 [info]: Clicking on locator('//a[text()=\'Contacts\']')
2026-09-13 11:54:18 [info]: Clicking on contact links
2026-09-13 11:54:18 [info]: Clicking on locator('//a[text()=\'Contacts\']')
2026-09-13 11:54:18 [info]: Clicking on contact links
2026-09-13 11:54:18 [info]: Clicking on locator('//a[text()=\'Contacts\']')
2026-09-13 11:54:52 [info]: Clicking on contact links
2026-09-13 11:54:52 [info]: Clicking on locator('//a[text()=\'Contacts\']')
2026-09-13 11:54:52 [info]: Clicking on contact links
2026-09-13 11:54:52 [info]: Clicking on locator('//a[text()=\'Contacts\']')
2026-09-13 11:55:25 [info]: Entering prafulp1010@gmail.com value in Username text box
2026-09-13 11:55:25 [info]: Entering prafulp1010@gmail.com text in locator('#email')
2026-09-13 11:55:26 [info]: Entering Pr@ful0812 value in Password Text box
2026-09-13 11:55:26 [info]: Entering Pr@ful0812 text in locator('#password')
2026-09-13 11:55:26 [info]: Clicking on Login button
2026-09-13 11:55:26 [info]: Clicking on getByRole('button', { name: 'Login' })
2026-09-13 11:55:33 [info]: Clicking on contact links
2026-09-13 11:55:33 [info]: Clicking on locator('//a[text()=\'Contacts\']')
2026-09-13 11:55:33 [info]: Clicking on contact links
2026-09-13 11:55:33 [info]: Clicking on locator('//a[text()=\'Contacts\']')
2026-09-13 11:56:14 [info]: Clicking on contact links
2026-09-13 11:56:14 [info]: Clicking on contact links
2026-09-13 11:56:14 [info]: Clicking on locator('//a[text()=\'Contacts\']')
2026-09-13 11:56:14 [info]: Clicking on locator('//a[text()=\'Contacts\']')
2026-09-13 11:56:54 [info]: Clicking on contact links
2026-09-13 11:56:54 [info]: Clicking on locator('//a[text()=\'Contacts\']')
2026-09-13 11:56:54 [info]: Clicking on contact links
2026-09-13 11:56:54 [info]: Clicking on locator('//a[text()=\'Contacts\']')
2026-09-13 11:57:17 [info]: Entering prafulp1010@gmail.com value in Username text box
2026-09-13 11:57:17 [info]: Entering prafulp1010@gmail.com text in locator('#email')
2026-09-13 11:57:17 [info]: Entering Pr@ful0812 value in Password Text box
2026-09-13 11:57:17 [info]: Entering Pr@ful0812 text in locator('#password')
2026-09-13 11:57:17 [info]: Clicking on Login button
2026-09-13 11:57:17 [info]: Clicking on getByRole('button', { name: 'Login' })
2026-09-13 11:57:24 [info]: Clicking on contact links
2026-09-13 11:57:24 [info]: Clicking on locator('//span[text()=\'Contacts\']')
2026-09-13 11:57:30 [info]: Clicking on contact links
2026-09-13 11:57:30 [info]: Clicking on locator('//span[text()=\'Contacts\']')
2026-09-13 11:57:36 [info]: Clicking on contact links
2026-09-13 11:57:36 [info]: Clicking on locator('//span[text()=\'Contacts\']')
2026-09-13 11:57:42 [info]: Clicking on contact links
2026-09-13 11:57:42 [info]: Clicking on locator('//span[text()=\'Contacts\']')
2026-09-13 11:57:49 [info]: Clicking on contact links
2026-09-13 11:57:49 [info]: Clicking on locator('//span[text()=\'Contacts\']')
2026-09-13 11:57:50 [info]: Clicking on Create Button
2026-09-13 11:57:50 [info]: Clicking on getByRole('button', { name: 'Create' })
2026-09-13 11:57:51 [info]: Entering Chetna value in first Name text box
2026-09-13 11:57:51 [info]: Entering Chetna text in locator('#first-name')
2026-09-13 11:57:52 [info]: Entering Jadhav value in Last Name Text box
2026-09-13 11:57:52 [info]: Entering Jadhav text in locator('#last-name')
2026-09-13 11:57:52 [info]: Clicking on Save button
2026-09-13 11:57:52 [info]: Clicking on getByRole('button', { name: 'Save' })
2026-09-13 11:58:29 [info]: Entering prafulp1010@gmail.com value in Username text box
2026-09-13 11:58:29 [info]: Entering prafulp1010@gmail.com text in locator('#email')
2026-09-13 11:58:29 [info]: Entering Pr@ful0812 value in Password Text box
2026-09-13 11:58:29 [info]: Entering Pr@ful0812 text in locator('#password')
2026-09-13 11:58:29 [info]: Clicking on Login button
2026-09-13 11:58:29 [info]: Clicking on getByRole('button', { name: 'Login' })
2026-09-13 11:58:36 [info]: Clicking on contact links
2026-09-13 11:58:36 [info]: Clicking on locator('//span[text()=\'Contacts\']')
2026-09-13 11:58:40 [info]: Clicking on contact links
2026-09-13 11:58:40 [info]: Clicking on locator('//span[text()=\'Contacts\']')
2026-09-13 11:58:41 [info]: Clicking on Create Button
2026-09-13 11:58:41 [info]: Clicking on getByRole('button', { name: 'Create' })
2026-09-13 11:58:42 [info]: Entering Chetna value in first Name text box
2026-09-13 11:58:42 [info]: Entering Chetna text in locator('#first-name')
2026-09-13 11:58:43 [info]: Entering Jadhav value in Last Name Text box
2026-09-13 11:58:43 [info]: Entering Jadhav text in locator('#last-name')
2026-09-13 11:58:43 [info]: Clicking on Save button
2026-09-13 11:58:43 [info]: Clicking on getByRole('button', { name: 'Save' })
2026-09-13 11:59:38 [info]: Entering prafulp1010@gmail.com value in Username text box
2026-09-13 11:59:38 [info]: Entering prafulp1010@gmail.com text in locator('#email')
2026-09-13 11:59:38 [info]: Entering Pr@ful0812 value in Password Text box
2026-09-13 11:59:38 [info]: Entering Pr@ful0812 text in locator('#password')
2026-09-13 11:59:38 [info]: Clicking on Login button
2026-09-13 11:59:38 [info]: Clicking on getByRole('button', { name: 'Login' })
2026-09-13 11:59:45 [info]: Clicking on contact links
2026-09-13 11:59:45 [info]: Clicking on locator('//span[text()=\'Contacts\']')
2026-09-13 11:59:49 [info]: Clicking on contact links
2026-09-13 11:59:49 [info]: Clicking on locator('//span[text()=\'Contacts\']')
2026-09-13 11:59:51 [info]: Clicking on Create Button
2026-09-13 11:59:51 [info]: Clicking on getByRole('button', { name: 'Create' })
2026-09-13 11:59:52 [info]: Entering Chetna value in first Name text box
2026-09-13 11:59:52 [info]: Entering Chetna text in locator('#first-name')
2026-09-13 11:59:52 [info]: Entering Jadhav value in Last Name Text box
2026-09-13 11:59:52 [info]: Entering Jadhav text in locator('#last-name')
2026-09-13 11:59:52 [info]: Clicking on Save button
2026-09-13 11:59:52 [info]: Clicking on getByRole('button', { name: 'Save' })
2026-09-13 12:00:23 [info]: Entering prafulp1010@gmail.com value in Username text box
2026-09-13 12:00:23 [info]: Entering prafulp1010@gmail.com text in locator('#email')
2026-09-13 12:00:23 [info]: Entering Pr@ful0812 value in Password Text box
2026-09-13 12:00:23 [info]: Entering Pr@ful0812 text in locator('#password')
2026-09-13 12:00:23 [info]: Clicking on Login button
2026-09-13 12:00:23 [info]: Clicking on getByRole('button', { name: 'Login' })
2026-09-13 12:00:31 [info]: Clicking on contact links
2026-09-13 12:00:31 [info]: Clicking on locator('//span[text()=\'Contacts\']')
2026-09-13 12:00:36 [info]: Clicking on contact links
2026-09-13 12:00:36 [info]: Clicking on locator('//span[text()=\'Contacts\']')
2026-09-13 12:00:37 [info]: Clicking on Create Button
2026-09-13 12:00:37 [info]: Clicking on getByRole('button', { name: 'Create' })
2026-09-13 12:00:38 [info]: Entering Chetna value in first Name text box
2026-09-13 12:00:38 [info]: Entering Chetna text in locator('#first-name')
2026-09-13 12:00:39 [info]: Entering Jadhav value in Last Name Text box
2026-09-13 12:00:39 [info]: Entering Jadhav text in locator('#last-name')
2026-09-13 12:00:41 [info]: Clicking on Save button
2026-09-13 12:00:41 [info]: Clicking on getByRole('button', { name: 'Save' })
2026-09-13 12:13:00 [info]: Entering prafulp1010@gmail.com value in Username text box
2026-09-13 12:13:00 [info]: Entering prafulp1010@gmail.com text in locator('#email')
2026-09-13 12:13:00 [info]: Entering Pr@ful0812 value in Password Text box
2026-09-13 12:13:00 [info]: Entering Pr@ful0812 text in locator('#password')
2026-09-13 12:13:00 [info]: Clicking on Login button
2026-09-13 12:13:00 [info]: Clicking on getByRole('button', { name: 'Login' })
2026-09-13 12:13:52 [info]: Entering prafulp1010@gmail.com value in Username text box
2026-09-13 12:13:52 [info]: Entering prafulp1010@gmail.com text in locator('#email')
2026-09-13 12:13:53 [info]: Entering Pr@ful0812 value in Password Text box
2026-09-13 12:13:53 [info]: Entering Pr@ful0812 text in locator('#password')
2026-09-13 12:13:53 [info]: Clicking on Login button
2026-09-13 12:13:53 [info]: Clicking on getByRole('button', { name: 'Login' })
2026-09-13 12:14:00 [info]: Clicking on contact links
2026-09-13 12:14:00 [info]: Clicking on locator('//span[text()=\'Contacts\']')
2026-09-13 12:14:05 [info]: Clicking on contact links
2026-09-13 12:14:05 [info]: Clicking on locator('//span[text()=\'Contacts\']')
2026-09-13 12:14:07 [info]: Clicking on Create Button
2026-09-13 12:14:07 [info]: Clicking on getByRole('button', { name: 'Create' })
2026-09-13 12:14:08 [info]: Entering Chetna value in first Name text box
2026-09-13 12:14:08 [info]: Entering Chetna text in locator('#first-name')
2026-09-13 12:14:09 [info]: Entering Jadhav value in Last Name Text box
2026-09-13 12:14:09 [info]: Entering Jadhav text in locator('#last-name')
2026-09-13 12:14:10 [info]: Clicking on Save button
2026-09-13 12:14:10 [info]: Clicking on getByRole('button', { name: 'Save' })
2026-09-13 12:15:57 [info]: Entering prafulp1010@gmail.com value in Username text box
2026-09-13 12:15:57 [info]: Entering prafulp1010@gmail.com text in locator('#email')
2026-09-13 12:15:57 [info]: Entering Pr@ful0812 value in Password Text box
2026-09-13 12:15:57 [info]: Entering Pr@ful0812 text in locator('#password')
2026-09-13 12:15:57 [info]: Clicking on Login button
2026-09-13 12:15:57 [info]: Clicking on getByRole('button', { name: 'Login' })
2026-09-13 12:16:05 [info]: Clicking on contact links
2026-09-13 12:16:05 [info]: Clicking on locator('//span[text()=\'Contacts\']')
2026-09-13 12:16:10 [info]: Clicking on contact links
2026-09-13 12:16:10 [info]: Clicking on locator('//span[text()=\'Contacts\']')
2026-09-13 12:16:11 [info]: Clicking on Create Button
2026-09-13 12:16:11 [info]: Clicking on getByRole('button', { name: 'Create' })
2026-09-13 12:16:12 [info]: Entering Chetna value in first Name text box
2026-09-13 12:16:12 [info]: Entering Chetna text in locator('#first-name')
2026-09-13 12:16:13 [info]: Entering Jadhav value in Last Name Text box
2026-09-13 12:16:13 [info]: Entering Jadhav text in locator('#last-name')
2026-09-13 12:16:15 [info]: Clicking on Save button
2026-09-13 12:16:15 [info]: Clicking on getByRole('button', { name: 'Save' })
2026-09-13 12:16:57 [info]: Entering prafulp1010@gmail.com value in Username text box
2026-09-13 12:16:57 [info]: Entering prafulp1010@gmail.com text in locator('#email')
2026-09-13 12:16:57 [info]: Entering Pr@ful0812 value in Password Text box
2026-09-13 12:16:57 [info]: Entering Pr@ful0812 text in locator('#password')
2026-09-13 12:16:57 [info]: Clicking on Login button
2026-09-13 12:16:57 [info]: Clicking on getByRole('button', { name: 'Login' })
2026-09-13 12:17:28 [info]: Entering prafulp1010@gmail.com value in Username text box
2026-09-13 12:17:28 [info]: Entering prafulp1010@gmail.com text in locator('#email')
2026-09-13 12:17:28 [info]: Entering Pr@ful0812 value in Password Text box
2026-09-13 12:17:28 [info]: Entering Pr@ful0812 text in locator('#password')
2026-09-13 12:17:28 [info]: Clicking on Login button
2026-09-13 12:17:28 [info]: Clicking on getByRole('button', { name: 'Login' })
2026-09-13 12:17:37 [info]: Clicking on contact links
2026-09-13 12:17:37 [info]: Clicking on locator('//span[text()=\'Contacts\']')
2026-09-13 12:17:41 [info]: Clicking on contact links
2026-09-13 12:17:41 [info]: Clicking on locator('//span[text()=\'Contacts\']')
2026-09-13 12:17:43 [info]: Clicking on Create Button
2026-09-13 12:17:43 [info]: Clicking on getByRole('button', { name: 'Create' })
2026-09-13 12:17:44 [info]: Entering Chetna value in first Name text box
2026-09-13 12:17:44 [info]: Entering Chetna text in locator('#first-name')
2026-09-13 12:17:45 [info]: Entering Jadhav value in Last Name Text box
2026-09-13 12:17:45 [info]: Entering Jadhav text in locator('#last-name')
2026-09-13 12:17:46 [info]: Clicking on Save button
2026-09-13 12:17:46 [info]: Clicking on getByRole('button', { name: 'Save' })
2026-09-13 12:25:21 [info]: Entering prafulp1010@gmail.com value in Username text box
2026-09-13 12:25:21 [info]: Entering prafulp1010@gmail.com text in locator('#email')
2026-09-13 12:25:21 [info]: Entering Pr@ful0812 value in Password Text box
2026-09-13 12:25:21 [info]: Entering Pr@ful0812 text in locator('#password')
2026-09-13 12:25:21 [info]: Clicking on Login button
2026-09-13 12:25:21 [info]: Clicking on getByRole('button', { name: 'Login' })
2026-09-13 12:25:29 [info]: Clicking on contact links
2026-09-13 12:25:29 [info]: Clicking on locator('//span[text()=\'Contacts\']')
2026-09-13 12:25:34 [info]: Clicking on contact links
2026-09-13 12:25:34 [info]: Clicking on locator('//span[text()=\'Contacts\']')
2026-09-13 12:25:36 [info]: Clicking on Create Button
2026-09-13 12:25:36 [info]: Clicking on getByRole('button', { name: 'Create' })
2026-09-13 12:25:37 [info]: Entering Chetna value in first Name text box
2026-09-13 12:25:37 [info]: Entering Chetna text in locator('#first-name')
2026-09-13 12:25:38 [info]: Entering Jadhav value in Last Name Text box
2026-09-13 12:25:38 [info]: Entering Jadhav text in locator('#last-name')
2026-09-13 12:25:39 [info]: Selecting Lead dropdown value
2026-09-13 12:25:39 [info]: Locating locator('#category') and Selecting the Lead dropdown values
2026-09-13 12:25:45 [info]: Clicking on contact links
2026-09-13 12:25:45 [info]: Clicking on locator('//span[text()=\'Contacts\']')
2026-09-13 12:25:46 [info]: Clicking on Create Button
2026-09-13 12:25:46 [info]: Clicking on getByRole('button', { name: 'Create' })
2026-09-13 12:25:47 [info]: Entering Chetna value in first Name text box
2026-09-13 12:25:47 [info]: Entering Chetna text in locator('#first-name')
2026-09-13 12:25:48 [info]: Entering Jadhav value in Last Name Text box
2026-09-13 12:25:48 [info]: Entering Jadhav text in locator('#last-name')
2026-09-13 12:25:49 [info]: Selecting Lead dropdown value
2026-09-13 12:25:49 [info]: Locating locator('#category') and Selecting the Lead dropdown values
2026-09-13 12:25:55 [info]: Clicking on contact links
2026-09-13 12:25:55 [info]: Clicking on locator('//span[text()=\'Contacts\']')
2026-09-13 12:25:56 [info]: Clicking on Create Button
2026-09-13 12:25:56 [info]: Clicking on getByRole('button', { name: 'Create' })
2026-09-13 12:25:57 [info]: Entering Chetna value in first Name text box
2026-09-13 12:25:57 [info]: Entering Chetna text in locator('#first-name')
2026-09-13 12:25:59 [info]: Entering Jadhav value in Last Name Text box
2026-09-13 12:25:59 [info]: Entering Jadhav text in locator('#last-name')
2026-09-13 12:26:00 [info]: Selecting Lead dropdown value
2026-09-13 12:26:00 [info]: Locating locator('#category') and Selecting the Lead dropdown values
2026-09-13 12:26:06 [info]: Clicking on contact links
2026-09-13 12:26:06 [info]: Clicking on locator('//span[text()=\'Contacts\']')
2026-09-13 12:26:08 [info]: Clicking on Create Button
2026-09-13 12:26:08 [info]: Clicking on getByRole('button', { name: 'Create' })
2026-09-13 12:26:09 [info]: Entering Chetna value in first Name text box
2026-09-13 12:26:09 [info]: Entering Chetna text in locator('#first-name')
2026-09-13 12:26:10 [info]: Entering Jadhav value in Last Name Text box
2026-09-13 12:26:10 [info]: Entering Jadhav text in locator('#last-name')
2026-09-13 12:26:11 [info]: Selecting Lead dropdown value
2026-09-13 12:26:11 [info]: Locating locator('#category') and Selecting the Lead dropdown values
2026-09-13 12:27:21 [info]: Entering prafulp1010@gmail.com value in Username text box
2026-09-13 12:27:21 [info]: Entering prafulp1010@gmail.com text in locator('#email')
2026-09-13 12:27:21 [info]: Entering Pr@ful0812 value in Password Text box
2026-09-13 12:27:21 [info]: Entering Pr@ful0812 text in locator('#password')
2026-09-13 12:27:21 [info]: Clicking on Login button
2026-09-13 12:27:21 [info]: Clicking on getByRole('button', { name: 'Login' })
2026-09-13 12:27:29 [info]: Clicking on contact links
2026-09-13 12:27:29 [info]: Clicking on locator('//span[text()=\'Contacts\']')
2026-09-13 12:27:34 [info]: Clicking on contact links
2026-09-13 12:27:34 [info]: Clicking on locator('//span[text()=\'Contacts\']')
2026-09-13 12:27:36 [info]: Clicking on Create Button
2026-09-13 12:27:36 [info]: Clicking on getByRole('button', { name: 'Create' })
2026-09-13 12:27:37 [info]: Entering Chetna value in first Name text box
2026-09-13 12:27:37 [info]: Entering Chetna text in locator('#first-name')
2026-09-13 12:27:38 [info]: Entering Jadhav value in Last Name Text box
2026-09-13 12:27:38 [info]: Entering Jadhav text in locator('#last-name')
2026-09-13 12:27:39 [info]: Selecting Lead dropdown value
2026-09-13 12:27:39 [info]: Locating locator('#category') and Selecting the Lead dropdown values
2026-09-13 12:27:44 [info]: Clicking on contact links
2026-09-13 12:27:44 [info]: Clicking on locator('//span[text()=\'Contacts\']')
2026-09-13 12:27:45 [info]: Clicking on Create Button
2026-09-13 12:27:45 [info]: Clicking on getByRole('button', { name: 'Create' })
2026-09-13 12:27:51 [info]: Clicking on contact links
2026-09-13 12:27:51 [info]: Clicking on locator('//span[text()=\'Contacts\']')
2026-09-13 12:30:09 [info]: Entering prafulp1010@gmail.com value in Username text box
2026-09-13 12:30:09 [info]: Entering prafulp1010@gmail.com text in locator('#email')
2026-09-13 12:30:09 [info]: Entering Pr@ful0812 value in Password Text box
2026-09-13 12:30:09 [info]: Entering Pr@ful0812 text in locator('#password')
2026-09-13 12:30:09 [info]: Clicking on Login button
2026-09-13 12:30:09 [info]: Clicking on getByRole('button', { name: 'Login' })
2026-09-13 12:30:18 [info]: Clicking on contact links
2026-09-13 12:30:18 [info]: Clicking on locator('//span[text()=\'Contacts\']')
2026-09-13 12:30:22 [info]: Clicking on contact links
2026-09-13 12:30:22 [info]: Clicking on locator('//span[text()=\'Contacts\']')
2026-09-13 12:30:24 [info]: Clicking on Create Button
2026-09-13 12:30:24 [info]: Clicking on getByRole('button', { name: 'Create' })
2026-09-13 12:30:25 [info]: Entering Chetna value in first Name text box
2026-09-13 12:30:25 [info]: Entering Chetna text in locator('#first-name')
2026-09-13 12:30:26 [info]: Entering Jadhav value in Last Name Text box
2026-09-13 12:30:26 [info]: Entering Jadhav text in locator('#last-name')
2026-09-13 12:30:27 [info]: Selecting Lead dropdown value
2026-09-13 12:30:27 [info]: Locating locator('#category') and Selecting the Lead dropdown values
2026-09-13 12:30:28 [info]: Selecting On Hold dropdown value 
2026-09-13 12:30:28 [info]: Locating locator('#status') and Selecting the On Hold dropdown values
2026-09-13 12:30:29 [info]: Clicking on Save button
2026-09-13 12:30:29 [info]: Clicking on getByRole('button', { name: 'Save' })
2026-09-13 12:34:46 [info]: Entering prafulp1010@gmail.com value in Username text box
2026-09-13 12:34:46 [info]: Entering prafulp1010@gmail.com text in locator('#email')
2026-09-13 12:34:46 [info]: Entering Pr@ful0812 value in Password Text box
2026-09-13 12:34:46 [info]: Entering Pr@ful0812 text in locator('#password')
2026-09-13 12:34:46 [info]: Clicking on Login button
2026-09-13 12:34:46 [info]: Clicking on getByRole('button', { name: 'Login' })
2026-09-13 12:34:54 [info]: Clicking on contact links
2026-09-13 12:34:54 [info]: Clicking on locator('//span[text()=\'Contacts\']')
2026-09-13 12:34:58 [info]: Clicking on contact links
2026-09-13 12:34:58 [info]: Clicking on locator('//span[text()=\'Contacts\']')
2026-09-13 12:35:00 [info]: Clicking on Create Button
2026-09-13 12:35:00 [info]: Clicking on getByRole('button', { name: 'Create' })
2026-09-13 12:35:01 [info]: Entering Chetna value in first Name text box
2026-09-13 12:35:01 [info]: Entering Chetna text in locator('#first-name')
2026-09-13 12:35:02 [info]: Entering Jadhav value in Last Name Text box
2026-09-13 12:35:02 [info]: Entering Jadhav text in locator('#last-name')
2026-09-13 12:35:03 [info]: Selecting Customer dropdown value
2026-09-13 12:35:03 [info]: Locating locator('#category') and Selecting the Customer dropdown values
2026-09-13 12:35:04 [info]: Selecting 1 dropdown value 
2026-09-13 12:35:04 [info]: Locating locator('#status') and Selecting the 1 dropdown values
2026-09-13 12:35:05 [info]: Clicking on Save button
2026-09-13 12:35:05 [info]: Clicking on getByRole('button', { name: 'Save' })
2026-09-13 12:41:49 [info]: Entering prafulp1010@gmail.com value in Username text box
2026-09-13 12:41:49 [info]: Entering prafulp1010@gmail.com text in locator('#email')
2026-09-13 12:41:49 [info]: Entering Pr@ful0812 value in Password Text box
2026-09-13 12:41:49 [info]: Entering Pr@ful0812 text in locator('#password')
2026-09-13 12:41:49 [info]: Clicking on Login button
2026-09-13 12:41:49 [info]: Clicking on getByRole('button', { name: 'Login' })
2026-09-13 12:41:57 [info]: Clicking on contact links
2026-09-13 12:41:57 [info]: Clicking on locator('//span[text()=\'Contacts\']')
2026-09-13 12:42:02 [info]: Clicking on contact links
2026-09-13 12:42:02 [info]: Clicking on locator('//span[text()=\'Contacts\']')
2026-09-13 12:42:03 [info]: Clicking on Create Button
2026-09-13 12:42:03 [info]: Clicking on getByRole('button', { name: 'Create' })
2026-09-13 12:42:04 [info]: Entering undefined value in first Name text box
2026-09-13 12:42:04 [info]: Entering undefined text in locator('#first-name')
2026-09-13 12:42:10 [info]: Clicking on contact links
2026-09-13 12:42:10 [info]: Clicking on locator('//span[text()=\'Contacts\']')
2026-09-13 12:42:11 [info]: Clicking on Create Button
2026-09-13 12:42:11 [info]: Clicking on getByRole('button', { name: 'Create' })
2026-09-13 12:42:12 [info]: Entering undefined value in first Name text box
2026-09-13 12:42:12 [info]: Entering undefined text in locator('#first-name')
2026-09-13 12:42:58 [info]: Entering prafulp1010@gmail.com value in Username text box
2026-09-13 12:42:58 [info]: Entering prafulp1010@gmail.com text in locator('#email')
2026-09-13 12:42:58 [info]: Entering Pr@ful0812 value in Password Text box
2026-09-13 12:42:58 [info]: Entering Pr@ful0812 text in locator('#password')
2026-09-13 12:42:58 [info]: Clicking on Login button
2026-09-13 12:42:58 [info]: Clicking on getByRole('button', { name: 'Login' })
2026-09-13 12:43:06 [info]: Clicking on contact links
2026-09-13 12:43:06 [info]: Clicking on locator('//span[text()=\'Contacts\']')
2026-09-13 12:43:11 [info]: Clicking on contact links
2026-09-13 12:43:11 [info]: Clicking on locator('//span[text()=\'Contacts\']')
2026-09-13 12:43:12 [info]: Clicking on Create Button
2026-09-13 12:43:12 [info]: Clicking on getByRole('button', { name: 'Create' })
2026-09-13 12:43:14 [info]: Entering Rahul value in first Name text box
2026-09-13 12:43:14 [info]: Entering Rahul text in locator('#first-name')
2026-09-13 12:43:15 [info]: Entering Shinde value in Last Name Text box
2026-09-13 12:43:15 [info]: Entering Shinde text in locator('#last-name')
2026-09-13 12:43:16 [info]: Selecting Lead dropdown value
2026-09-13 12:43:16 [info]: Locating locator('#category') and Selecting the Lead dropdown values
2026-09-13 12:43:17 [info]: Selecting New dropdown value 
2026-09-13 12:43:17 [info]: Locating locator('#status') and Selecting the New dropdown values
2026-09-13 12:43:18 [info]: Clicking on Save button
2026-09-13 12:43:18 [info]: Clicking on getByRole('button', { name: 'Save' })
2026-09-13 12:43:52 [info]: Entering prafulp1010@gmail.com value in Username text box
2026-09-13 12:43:52 [info]: Entering prafulp1010@gmail.com text in locator('#email')
2026-09-13 12:43:53 [info]: Entering Pr@ful0812 value in Password Text box
2026-09-13 12:43:53 [info]: Entering Pr@ful0812 text in locator('#password')
2026-09-13 12:43:53 [info]: Clicking on Login button
2026-09-13 12:43:53 [info]: Clicking on getByRole('button', { name: 'Login' })
2026-09-13 12:44:00 [info]: Clicking on contact links
2026-09-13 12:44:00 [info]: Clicking on locator('//span[text()=\'Contacts\']')
2026-09-13 12:44:05 [info]: Clicking on contact links
2026-09-13 12:44:05 [info]: Clicking on locator('//span[text()=\'Contacts\']')
2026-09-13 12:44:06 [info]: Clicking on Create Button
2026-09-13 12:44:06 [info]: Clicking on getByRole('button', { name: 'Create' })
2026-09-13 12:44:07 [info]: Entering Gaurav value in first Name text box
2026-09-13 12:44:07 [info]: Entering Gaurav text in locator('#first-name')
2026-09-13 12:44:08 [info]: Entering Bhosale value in Last Name Text box
2026-09-13 12:44:08 [info]: Entering Bhosale text in locator('#last-name')
2026-09-13 12:44:10 [info]: Selecting Lead dropdown value
2026-09-13 12:44:10 [info]: Locating locator('#category') and Selecting the Lead dropdown values
2026-09-13 12:44:11 [info]: Selecting New dropdown value 
2026-09-13 12:44:11 [info]: Locating locator('#status') and Selecting the New dropdown values
2026-09-13 12:44:12 [info]: Clicking on Save button
2026-09-13 12:44:12 [info]: Clicking on getByRole('button', { name: 'Save' })
2026-09-13 12:48:15 [info]: Entering prafulp1010@gmail.com value in Username text box
2026-09-13 12:48:15 [info]: Entering prafulp1010@gmail.com text in locator('#email')
2026-09-13 12:48:15 [info]: Entering Pr@ful0812 value in Password Text box
2026-09-13 12:48:15 [info]: Entering Pr@ful0812 text in locator('#password')
2026-09-13 12:48:15 [info]: Clicking on Login button
2026-09-13 12:48:15 [info]: Clicking on getByRole('button', { name: 'Login' })
2026-09-13 12:48:23 [info]: Clicking on contact links
2026-09-13 12:48:23 [info]: Clicking on locator('//span[text()=\'Contacts\']')
2026-09-13 12:48:28 [info]: Clicking on contact links
2026-09-13 12:48:28 [info]: Clicking on locator('//span[text()=\'Contacts\']')
2026-09-13 12:48:29 [info]: Clicking on Create Button
2026-09-13 12:48:29 [info]: Clicking on getByRole('button', { name: 'Create' })
2026-09-13 12:48:31 [info]: Entering Gaurav value in first Name text box
2026-09-13 12:48:31 [info]: Entering Gaurav text in locator('#first-name')
2026-09-13 12:48:32 [info]: Entering Bhosale value in Last Name Text box
2026-09-13 12:48:32 [info]: Entering Bhosale text in locator('#last-name')
2026-09-13 12:48:33 [info]: Selecting Lead dropdown value
2026-09-13 12:48:33 [info]: Locating locator('#category') and Selecting the Lead dropdown values
2026-09-13 12:48:34 [info]: Selecting New dropdown value 
2026-09-13 12:48:34 [info]: Locating locator('#status') and Selecting the New dropdown values
2026-09-13 12:48:35 [info]: Clicking on Save button
2026-09-13 12:48:35 [info]: Clicking on getByRole('button', { name: 'Save' })
2026-09-19 11:35:39 [info]: Entering prafulp1010@gmail.com value in Username text box
2026-09-19 11:35:39 [info]: Entering prafulp1010@gmail.com text in locator('#email')
2026-09-19 11:35:39 [info]: Entering Pr@ful0812 value in Password Text box
2026-09-19 11:35:39 [info]: Entering Pr@ful0812 text in locator('#password')
2026-09-19 11:35:39 [info]: Clicking on Login button
2026-09-19 11:35:39 [info]: Clicking on getByRole('button', { name: 'Login' })
2026-09-19 11:35:46 [info]: Clicking on contact links
2026-09-19 11:35:46 [info]: Clicking on locator('//span[text()=\'Contacts\']')
2026-09-19 11:35:51 [info]: Clicking on contact links
2026-09-19 11:35:51 [info]: Clicking on locator('//span[text()=\'Contacts\']')
2026-09-19 11:35:52 [info]: Clicking on Create Button
2026-09-19 11:35:52 [info]: Clicking on getByRole('button', { name: 'Create' })
2026-09-19 11:35:53 [info]: Entering Gaurav value in first Name text box
2026-09-19 11:35:53 [info]: Entering Gaurav text in locator('#first-name')
2026-09-19 11:35:54 [info]: Entering Bhosale value in Last Name Text box
2026-09-19 11:35:54 [info]: Entering Bhosale text in locator('#last-name')
2026-09-19 11:35:55 [info]: Selecting Lead dropdown value
2026-09-19 11:35:55 [info]: Locating locator('#category') and Selecting the Lead dropdown values
2026-09-19 11:35:56 [info]: Selecting New dropdown value 
2026-09-19 11:35:56 [info]: Locating locator('#status') and Selecting the New dropdown values
2026-09-19 11:35:57 [info]: Clicking on Save button
2026-09-19 11:35:57 [info]: Clicking on getByRole('button', { name: 'Save' })
2026-09-19 11:39:18 [info]: Entering prafulp1010@gmail.com value in Username text box
2026-09-19 11:39:18 [info]: Entering prafulp1010@gmail.com text in locator('#email')
2026-09-19 11:39:18 [info]: Entering Pr@ful0812 value in Password Text box
2026-09-19 11:39:18 [info]: Entering Pr@ful0812 text in locator('#password')
2026-09-19 11:39:18 [info]: Clicking on Login button
2026-09-19 11:39:18 [info]: Clicking on getByRole('button', { name: 'Login' })
2026-09-19 11:39:26 [info]: Clicking on contact links
2026-09-19 11:39:26 [info]: Clicking on locator('//span[text()=\'Contacts\']')
2026-09-19 11:39:30 [info]: Clicking on contact links
2026-09-19 11:39:30 [info]: Clicking on locator('//span[text()=\'Contacts\']')
2026-09-19 11:39:32 [info]: Clicking on Create Button
2026-09-19 11:39:32 [info]: Clicking on getByRole('button', { name: 'Create' })
2026-09-19 11:39:33 [info]: Entering Ajit value in first Name text box
2026-09-19 11:39:33 [info]: Entering Ajit text in locator('#first-name')
2026-09-19 11:39:34 [info]: Entering Sonar value in Last Name Text box
2026-09-19 11:39:34 [info]: Entering Sonar text in locator('#last-name')
2026-09-19 11:39:35 [info]: Selecting Lead dropdown value
2026-09-19 11:39:35 [info]: Locating locator('#category') and Selecting the Lead dropdown values
2026-09-19 11:39:36 [info]: Selecting Inactive dropdown value 
2026-09-19 11:39:36 [info]: Locating locator('#status') and Selecting the Inactive dropdown values
2026-09-19 11:39:37 [info]: Clicking on Save button
2026-09-19 11:39:37 [info]: Clicking on getByRole('button', { name: 'Save' })
2026-09-19 11:40:17 [info]: Entering prafulp1010@gmail.com value in Username text box
2026-09-19 11:40:17 [info]: Entering prafulp1010@gmail.com text in locator('#email')
2026-09-19 11:40:18 [info]: Entering Pr@ful0812 value in Password Text box
2026-09-19 11:40:18 [info]: Entering Pr@ful0812 text in locator('#password')
2026-09-19 11:40:18 [info]: Clicking on Login button
2026-09-19 11:40:18 [info]: Clicking on getByRole('button', { name: 'Login' })
2026-09-19 11:40:25 [info]: Clicking on contact links
2026-09-19 11:40:25 [info]: Clicking on locator('//span[text()=\'Contacts\']')
2026-09-19 11:40:29 [info]: Clicking on contact links
2026-09-19 11:40:29 [info]: Clicking on locator('//span[text()=\'Contacts\']')
2026-09-19 11:40:31 [info]: Clicking on Create Button
2026-09-19 11:40:31 [info]: Clicking on getByRole('button', { name: 'Create' })
2026-09-19 11:40:32 [info]: Entering Amol value in first Name text box
2026-09-19 11:40:32 [info]: Entering Amol text in locator('#first-name')
2026-09-19 11:40:33 [info]: Entering Pandit value in Last Name Text box
2026-09-19 11:40:33 [info]: Entering Pandit text in locator('#last-name')
2026-09-19 11:40:34 [info]: Selecting Contact dropdown value
2026-09-19 11:40:34 [info]: Locating locator('#category') and Selecting the Contact dropdown values
2026-09-19 11:40:35 [info]: Selecting New dropdown value 
2026-09-19 11:40:35 [info]: Locating locator('#status') and Selecting the New dropdown values
2026-09-19 11:40:36 [info]: Clicking on Save button
2026-09-19 11:40:36 [info]: Clicking on getByRole('button', { name: 'Save' })
2026-09-19 11:53:17 [info]: Entering prafulp1010@gmail.com value in Username text box
2026-09-19 11:53:17 [info]: Entering prafulp1010@gmail.com text in locator('#email')
2026-09-19 11:53:17 [info]: Entering Pr@ful0812 value in Password Text box
2026-09-19 11:53:17 [info]: Entering Pr@ful0812 text in locator('#password')
2026-09-19 11:53:17 [info]: Clicking on Login button
2026-09-19 11:53:17 [info]: Clicking on getByRole('button', { name: 'Login' })
2026-09-19 11:53:26 [info]: Clicking on contact links
2026-09-19 11:53:26 [info]: Clicking on locator('//span[text()=\'Contacts\']')
2026-09-19 11:53:30 [info]: Clicking on contact links
2026-09-19 11:53:30 [info]: Clicking on locator('//span[text()=\'Contacts\']')
2026-09-19 11:53:32 [info]: Clicking on Create Button
2026-09-19 11:53:32 [info]: Clicking on getByRole('button', { name: 'Create' })
2026-09-19 11:53:33 [info]: Entering Annabelle value in first Name text box
2026-09-19 11:53:33 [info]: Entering Annabelle text in locator('#first-name')
2026-09-19 11:53:34 [info]: Entering Tillman value in Last Name Text box
2026-09-19 11:53:34 [info]: Entering Tillman text in locator('#last-name')
2026-09-19 11:53:38 [info]: Selecting Contact dropdown value
2026-09-19 11:53:38 [info]: Locating locator('#category') and Selecting the Contact dropdown values
2026-09-19 11:53:39 [info]: Selecting New dropdown value 
2026-09-19 11:53:39 [info]: Locating locator('#status') and Selecting the New dropdown values
2026-09-19 11:53:40 [info]: Clicking on Save button
2026-09-19 11:53:40 [info]: Clicking on getByRole('button', { name: 'Save' })
2026-09-19 11:53:49 [info]: Entering prafulp1010@gmail.com value in Username text box
2026-09-19 11:53:49 [info]: Entering prafulp1010@gmail.com text in locator('#email')
2026-09-19 11:53:50 [info]: Entering Pr@ful0812 value in Password Text box
2026-09-19 11:53:50 [info]: Entering Pr@ful0812 text in locator('#password')
2026-09-19 11:53:50 [info]: Clicking on Login button
2026-09-19 11:53:50 [info]: Clicking on getByRole('button', { name: 'Login' })
2026-09-19 11:53:58 [info]: Clicking on contact links
2026-09-19 11:53:58 [info]: Clicking on locator('//span[text()=\'Contacts\']')
2026-09-19 11:54:03 [info]: Clicking on contact links
2026-09-19 11:54:03 [info]: Clicking on locator('//span[text()=\'Contacts\']')
2026-09-19 11:54:04 [info]: Clicking on Create Button
2026-09-19 11:54:04 [info]: Clicking on getByRole('button', { name: 'Create' })
2026-09-19 11:54:05 [info]: Entering Dorothea value in first Name text box
2026-09-19 11:54:05 [info]: Entering Dorothea text in locator('#first-name')
2026-09-19 11:54:07 [info]: Entering Fritsch value in Last Name Text box
2026-09-19 11:54:07 [info]: Entering Fritsch text in locator('#last-name')
2026-09-19 11:54:11 [info]: Selecting Contact dropdown value
2026-09-19 11:54:11 [info]: Locating locator('#category') and Selecting the Contact dropdown values
2026-09-19 11:54:12 [info]: Selecting New dropdown value 
2026-09-19 11:54:12 [info]: Locating locator('#status') and Selecting the New dropdown values
2026-09-19 11:54:13 [info]: Clicking on Save button
2026-09-19 11:54:13 [info]: Clicking on getByRole('button', { name: 'Save' })
2026-09-19 12:03:19 [info]: Entering prafulp1010@gmail.com value in Username text box
2026-09-19 12:03:19 [info]: Entering prafulp1010@gmail.com text in locator('#email')
2026-09-19 12:03:19 [info]: Entering Pr@ful0812 value in Password Text box
2026-09-19 12:03:19 [info]: Entering Pr@ful0812 text in locator('#password')
2026-09-19 12:03:19 [info]: Clicking on Login button
2026-09-19 12:03:19 [info]: Clicking on getByRole('button', { name: 'Login' })
2026-09-19 12:03:53 [info]: Entering prafulp1010@gmail.com value in Username text box
2026-09-19 12:03:53 [info]: Entering prafulp1010@gmail.com text in locator('#email')
2026-09-19 12:03:53 [info]: Entering Pr@ful0812 value in Password Text box
2026-09-19 12:03:53 [info]: Entering Pr@ful0812 text in locator('#password')
2026-09-19 12:03:53 [info]: Clicking on Login button
2026-09-19 12:03:53 [info]: Clicking on getByRole('button', { name: 'Login' })
2026-09-19 12:05:12 [info]: Entering prafulp1010@gmail.com value in Username text box
2026-09-19 12:05:12 [info]: Entering prafulp1010@gmail.com text in locator('#email')
2026-09-19 12:05:12 [info]: Entering Pr@ful0812 value in Password Text box
2026-09-19 12:05:12 [info]: Entering Pr@ful0812 text in locator('#password')
2026-09-19 12:05:12 [info]: Clicking on Login button
2026-09-19 12:05:12 [info]: Clicking on getByRole('button', { name: 'Login' })
2026-09-19 12:06:00 [info]: Entering prafulp1010@gmail.com value in Username text box
2026-09-19 12:06:00 [info]: Entering prafulp1010@gmail.com text in locator('#email')
2026-09-19 12:06:00 [info]: Entering Pr@ful0812 value in Password Text box
2026-09-19 12:06:00 [info]: Entering Pr@ful0812 text in locator('#password')
2026-09-19 12:06:00 [info]: Clicking on Login button
2026-09-19 12:06:00 [info]: Clicking on getByRole('button', { name: 'Login' })
2026-09-19 12:06:40 [info]: Entering prafulp1010@gmail.com value in Username text box
2026-09-19 12:06:40 [info]: Entering prafulp1010@gmail.com text in locator('#email')
2026-09-19 12:06:41 [info]: Entering Pr@ful0812 value in Password Text box
2026-09-19 12:06:41 [info]: Entering Pr@ful0812 text in locator('#password')
2026-09-19 12:06:41 [info]: Clicking on Login button
2026-09-19 12:06:41 [info]: Clicking on getByRole('button', { name: 'Login' })
2026-09-19 12:07:22 [info]: Entering prafulp1010@gmail.com value in Username text box
2026-09-19 12:07:22 [info]: Entering prafulp1010@gmail.com text in locator('#email')
2026-09-19 12:07:23 [info]: Entering Pr@ful0812 value in Password Text box
2026-09-19 12:07:23 [info]: Entering Pr@ful0812 text in locator('#password')
2026-09-19 12:07:23 [info]: Clicking on Login button
2026-09-19 12:07:23 [info]: Clicking on getByRole('button', { name: 'Login' })
2026-09-19 12:07:55 [info]: Entering prafulp1010@gmail.com value in Username text box
2026-09-19 12:07:55 [info]: Entering prafulp1010@gmail.com text in locator('#email')
2026-09-19 12:07:56 [info]: Entering Pr@ful0812 value in Password Text box
2026-09-19 12:07:56 [info]: Entering Pr@ful0812 text in locator('#password')
2026-09-19 12:07:56 [info]: Clicking on Login button
2026-09-19 12:07:56 [info]: Clicking on getByRole('button', { name: 'Login' })
2026-09-19 12:08:26 [info]: Entering prafulp1010@gmail.com value in Username text box
2026-09-19 12:08:26 [info]: Entering prafulp1010@gmail.com text in locator('#email')
2026-09-19 12:08:26 [info]: Entering Pr@ful0812 value in Password Text box
2026-09-19 12:08:26 [info]: Entering Pr@ful0812 text in locator('#password')
2026-09-19 12:08:26 [info]: Clicking on Login button
2026-09-19 12:08:26 [info]: Clicking on getByRole('button', { name: 'Login' })
2026-09-19 12:09:19 [info]: Entering prafulp1010@gmail.com value in Username text box
2026-09-19 12:09:19 [info]: Entering prafulp1010@gmail.com text in locator('#email')
2026-09-19 12:09:19 [info]: Entering Pr@ful0812 value in Password Text box
2026-09-19 12:09:19 [info]: Entering Pr@ful0812 text in locator('#password')
2026-09-19 12:09:19 [info]: Clicking on Login button
2026-09-19 12:09:19 [info]: Clicking on getByRole('button', { name: 'Login' })
2026-09-19 12:10:36 [info]: Entering prafulp1010@gmail.com value in Username text box
2026-09-19 12:10:36 [info]: Entering prafulp1010@gmail.com text in locator('#email')
2026-09-19 12:10:37 [info]: Entering Pr@ful0812 value in Password Text box
2026-09-19 12:10:37 [info]: Entering Pr@ful0812 text in locator('#password')
2026-09-19 12:10:37 [info]: Clicking on Login button
2026-09-19 12:10:37 [info]: Clicking on getByRole('button', { name: 'Login' })
2026-09-19 12:12:04 [info]: Entering prafulp1010@gmail.com value in Username text box
2026-09-19 12:12:04 [info]: Entering prafulp1010@gmail.com text in locator('#email')
2026-09-19 12:12:04 [info]: Entering Pr@ful0812 value in Password Text box
2026-09-19 12:12:04 [info]: Entering Pr@ful0812 text in locator('#password')
2026-09-19 12:12:04 [info]: Clicking on Login button
2026-09-19 12:12:04 [info]: Clicking on getByRole('button', { name: 'Login' })
2026-09-19 12:12:47 [info]: Entering prafulp1010@gmail.com value in Username text box
2026-09-19 12:12:47 [info]: Entering prafulp1010@gmail.com text in locator('#email')
2026-09-19 12:12:47 [info]: Entering Pr@ful0812 value in Password Text box
2026-09-19 12:12:47 [info]: Entering Pr@ful0812 text in locator('#password')
2026-09-19 12:12:47 [info]: Clicking on Login button
2026-09-19 12:12:47 [info]: Clicking on getByRole('button', { name: 'Login' })
2026-09-19 12:13:43 [info]: Entering prafulp1010@gmail.com value in Username text box
2026-09-19 12:13:43 [info]: Entering prafulp1010@gmail.com text in locator('#email')
2026-09-19 12:13:44 [info]: Entering Pr@ful0812 value in Password Text box
2026-09-19 12:13:44 [info]: Entering Pr@ful0812 text in locator('#password')
2026-09-19 12:13:44 [info]: Clicking on Login button
2026-09-19 12:13:44 [info]: Clicking on getByRole('button', { name: 'Login' })
2026-09-19 12:14:35 [info]: Entering prafulp1010@gmail.com value in Username text box
2026-09-19 12:14:35 [info]: Entering prafulp1010@gmail.com text in locator('#email')
2026-09-19 12:14:35 [info]: Entering Pr@ful0812 value in Password Text box
2026-09-19 12:14:35 [info]: Entering Pr@ful0812 text in locator('#password')
2026-09-19 12:14:35 [info]: Clicking on Login button
2026-09-19 12:14:35 [info]: Clicking on getByRole('button', { name: 'Login' })
2026-09-19 12:15:22 [info]: Entering prafulp1010@gmail.com value in Username text box
2026-09-19 12:15:22 [info]: Entering prafulp1010@gmail.com text in locator('#email')
2026-09-19 12:15:22 [info]: Entering Pr@ful0812 value in Password Text box
2026-09-19 12:15:22 [info]: Entering Pr@ful0812 text in locator('#password')
2026-09-19 12:15:22 [info]: Clicking on Login button
2026-09-19 12:15:22 [info]: Clicking on getByRole('button', { name: 'Login' })
2026-09-19 12:15:58 [info]: Entering prafulp1010@gmail.com value in Username text box
2026-09-19 12:15:58 [info]: Entering prafulp1010@gmail.com text in locator('#email')
2026-09-19 12:15:58 [info]: Entering Pr@ful0812 value in Password Text box
2026-09-19 12:15:58 [info]: Entering Pr@ful0812 text in locator('#password')
2026-09-19 12:15:59 [info]: Clicking on Login button
2026-09-19 12:15:59 [info]: Clicking on getByRole('button', { name: 'Login' })
2026-09-19 12:17:08 [info]: Entering prafulp1010@gmail.com value in Username text box
2026-09-19 12:17:08 [info]: Entering prafulp1010@gmail.com text in locator('#email')
2026-09-19 12:17:08 [info]: Entering Pr@ful0812 value in Password Text box
2026-09-19 12:17:08 [info]: Entering Pr@ful0812 text in locator('#password')
2026-09-19 12:17:08 [info]: Clicking on Login button
2026-09-19 12:17:08 [info]: Clicking on getByRole('button', { name: 'Login' })
2026-09-19 12:18:35 [info]: Entering prafulp1010@gmail.com value in Username text box
2026-09-19 12:18:35 [info]: Entering prafulp1010@gmail.com text in locator('#email')
2026-09-19 12:18:35 [info]: Entering Pr@ful0812 value in Password Text box
2026-09-19 12:18:35 [info]: Entering Pr@ful0812 text in locator('#password')
2026-09-19 12:18:35 [info]: Clicking on Login button
2026-09-19 12:18:35 [info]: Clicking on getByRole('button', { name: 'Login' })
2026-09-19 12:19:33 [info]: Entering prafulp1010@gmail.com value in Username text box
2026-09-19 12:19:33 [info]: Entering prafulp1010@gmail.com text in locator('#email')
2026-09-19 12:19:33 [info]: Entering Pr@ful0812 value in Password Text box
2026-09-19 12:19:33 [info]: Entering Pr@ful0812 text in locator('#password')
2026-09-19 12:19:33 [info]: Clicking on Login button
2026-09-19 12:19:33 [info]: Clicking on getByRole('button', { name: 'Login' })
2026-09-19 12:20:48 [info]: Entering prafulp1010@gmail.com value in Username text box
2026-09-19 12:20:48 [info]: Entering prafulp1010@gmail.com text in locator('#email')
2026-09-19 12:20:48 [info]: Entering Pr@ful0812 value in Password Text box
2026-09-19 12:20:48 [info]: Entering Pr@ful0812 text in locator('#password')
2026-09-19 12:20:48 [info]: Clicking on Login button
2026-09-19 12:20:48 [info]: Clicking on getByRole('button', { name: 'Login' })
2026-09-19 12:23:11 [info]: Entering prafulp1010@gmail.com value in Username text box
2026-09-19 12:23:11 [info]: Entering prafulp1010@gmail.com text in locator('#email')
2026-09-19 12:23:11 [info]: Entering Pr@ful0812 value in Password Text box
2026-09-19 12:23:11 [info]: Entering Pr@ful0812 text in locator('#password')
2026-09-19 12:23:11 [info]: Clicking on Login button
2026-09-19 12:23:11 [info]: Clicking on getByRole('button', { name: 'Login' })
2026-09-19 12:26:18 [info]: Entering prafulp1010@gmail.com value in Username text box
2026-09-19 12:26:18 [info]: Entering prafulp1010@gmail.com text in locator('#email')
2026-09-19 12:26:18 [info]: Entering Pr@ful0812 value in Password Text box
2026-09-19 12:26:18 [info]: Entering Pr@ful0812 text in locator('#password')
2026-09-19 12:26:18 [info]: Clicking on Login button
2026-09-19 12:26:18 [info]: Clicking on getByRole('button', { name: 'Login' })
2026-09-19 12:26:54 [info]: Entering prafulp1010@gmail.com value in Username text box
2026-09-19 12:26:54 [info]: Entering prafulp1010@gmail.com text in locator('#email')
2026-09-19 12:26:54 [info]: Entering Pr@ful0812 value in Password Text box
2026-09-19 12:26:54 [info]: Entering Pr@ful0812 text in locator('#password')
2026-09-19 12:26:54 [info]: Clicking on Login button
2026-09-19 12:26:54 [info]: Clicking on getByRole('button', { name: 'Login' })
2026-09-19 12:35:06 [info]: Entering prafulp1010@gmail.com value in Username text box
2026-09-19 12:35:06 [info]: Entering prafulp1010@gmail.com text in locator('#email')
2026-09-19 12:35:06 [info]: Entering Pr@ful0812 value in Password Text box
2026-09-19 12:35:06 [info]: Entering Pr@ful0812 text in locator('#password')
2026-09-19 12:35:06 [info]: Clicking on Login button
2026-09-19 12:35:06 [info]: Clicking on getByRole('button', { name: 'Login' })
2026-09-19 12:36:07 [info]: Entering prafulp1010@gmail.com value in Username text box
2026-09-19 12:36:07 [info]: Entering prafulp1010@gmail.com text in locator('#email')
2026-09-19 12:36:07 [info]: Entering Pr@ful0812 value in Password Text box
2026-09-19 12:36:07 [info]: Entering Pr@ful0812 text in locator('#password')
2026-09-19 12:36:08 [info]: Clicking on Login button
2026-09-19 12:36:08 [info]: Clicking on getByRole('button', { name: 'Login' })
2026-09-19 12:37:14 [info]: Entering prafulp1010@gmail.com value in Username text box
2026-09-19 12:37:14 [info]: Entering prafulp1010@gmail.com text in locator('#email')
2026-09-19 12:37:15 [info]: Entering Pr@ful0812 value in Password Text box
2026-09-19 12:37:15 [info]: Entering Pr@ful0812 text in locator('#password')
2026-09-19 12:37:15 [info]: Clicking on Login button
2026-09-19 12:37:15 [info]: Clicking on getByRole('button', { name: 'Login' })
2026-09-19 12:38:14 [info]: Entering prafulp1010@gmail.com value in Username text box
2026-09-19 12:38:14 [info]: Entering prafulp1010@gmail.com text in locator('#email')
2026-09-19 12:38:14 [info]: Entering Pr@ful0812 value in Password Text box
2026-09-19 12:38:14 [info]: Entering Pr@ful0812 text in locator('#password')
2026-09-19 12:38:14 [info]: Clicking on Login button
2026-09-19 12:38:14 [info]: Clicking on getByRole('button', { name: 'Login' })
2026-09-19 12:39:17 [info]: Entering prafulp1010@gmail.com value in Username text box
2026-09-19 12:39:17 [info]: Entering prafulp1010@gmail.com text in locator('#email')
2026-09-19 12:39:18 [info]: Entering Pr@ful0812 value in Password Text box
2026-09-19 12:39:18 [info]: Entering Pr@ful0812 text in locator('#password')
2026-09-19 12:39:18 [info]: Clicking on Login button
2026-09-19 12:39:18 [info]: Clicking on getByRole('button', { name: 'Login' })
2026-09-19 12:54:21 [info]: Entering prafulp1010@gmail.com value in Username text box
2026-09-19 12:54:21 [info]: Entering prafulp1010@gmail.com text in locator('#email')
2026-09-19 12:54:22 [info]: Entering Pr@ful0812 value in Password Text box
2026-09-19 12:54:22 [info]: Entering Pr@ful0812 text in locator('#password')
2026-09-19 12:54:22 [info]: Clicking on Login button
2026-09-19 12:54:22 [info]: Clicking on getByRole('button', { name: 'Login' })
2026-09-19 12:54:54 [info]: Clicking on contact links
2026-09-19 12:54:54 [info]: Clicking on locator('//span[text()=\'Contacts\']')
2026-09-19 12:54:59 [info]: Clicking on contact links
2026-09-19 12:54:59 [info]: Clicking on locator('//span[text()=\'Contacts\']')
2026-09-19 12:55:00 [info]: Clicking on Create Button
2026-09-19 12:55:00 [info]: Clicking on getByRole('button', { name: 'Create' })
2026-09-19 12:55:01 [info]: Entering Adelbert value in first Name text box
2026-09-19 12:55:01 [info]: Entering Adelbert text in locator('#first-name')
2026-09-19 12:55:02 [info]: Entering Lubowitz value in Last Name Text box
2026-09-19 12:55:02 [info]: Entering Lubowitz text in locator('#last-name')
2026-09-19 12:55:06 [info]: Selecting Contact dropdown value
2026-09-19 12:55:06 [info]: Locating locator('#category') and Selecting the Contact dropdown values
2026-09-19 12:55:07 [info]: Selecting New dropdown value 
2026-09-19 12:55:07 [info]: Locating locator('#status') and Selecting the New dropdown values
2026-09-19 12:55:08 [info]: Clicking on Save button
2026-09-19 12:55:08 [info]: Clicking on getByRole('button', { name: 'Save' })
2026-09-19 12:56:31 [info]: Entering prafulp1010@gmail.com value in Username text box
2026-09-19 12:56:31 [info]: Entering prafulp1010@gmail.com text in locator('#email')
2026-09-19 12:56:31 [info]: Entering Pr@ful0812 value in Password Text box
2026-09-19 12:56:31 [info]: Entering Pr@ful0812 text in locator('#password')
2026-09-19 12:56:31 [info]: Clicking on Login button
2026-09-19 12:56:31 [info]: Clicking on getByRole('button', { name: 'Login' })
2026-09-19 12:56:39 [info]: Clicking on contact links
2026-09-19 12:56:39 [info]: Clicking on locator('//span[text()=\'Contacts\']')
2026-09-19 12:56:44 [info]: Clicking on contact links
2026-09-19 12:56:44 [info]: Clicking on locator('//span[text()=\'Contacts\']')
2026-09-19 12:56:45 [info]: Clicking on Create Button
2026-09-19 12:56:45 [info]: Clicking on getByRole('button', { name: 'Create' })
2026-09-19 12:56:46 [info]: Entering Francisco value in first Name text box
2026-09-19 12:56:46 [info]: Entering Francisco text in locator('#first-name')
2026-09-19 12:56:47 [info]: Entering Franey-Hammes value in Last Name Text box
2026-09-19 12:56:47 [info]: Entering Franey-Hammes text in locator('#last-name')
2026-09-19 12:56:51 [info]: Selecting Contact dropdown value
2026-09-19 12:56:51 [info]: Locating locator('#category') and Selecting the Contact dropdown values
2026-09-19 12:56:52 [info]: Selecting New dropdown value 
2026-09-19 12:56:52 [info]: Locating locator('#status') and Selecting the New dropdown values
2026-09-19 12:56:53 [info]: Clicking on Save button
2026-09-19 12:56:53 [info]: Clicking on getByRole('button', { name: 'Save' })
2026-09-19 12:58:39 [info]: Entering prafulp1010@gmail.com value in Username text box
2026-09-19 12:58:39 [info]: Entering prafulp1010@gmail.com text in locator('#email')
2026-09-19 12:58:39 [info]: Entering Pr@ful0812 value in Password Text box
2026-09-19 12:58:39 [info]: Entering Pr@ful0812 text in locator('#password')
2026-09-19 12:58:39 [info]: Clicking on Login button
2026-09-19 12:58:39 [info]: Clicking on getByRole('button', { name: 'Login' })
2026-09-19 12:59:12 [info]: Clicking on contact links
2026-09-19 12:59:12 [info]: Clicking on locator('//span[text()=\'Contacts\']')
2026-09-19 12:59:17 [info]: Clicking on contact links
2026-09-19 12:59:17 [info]: Clicking on locator('//span[text()=\'Contacts\']')
2026-09-19 12:59:19 [info]: Clicking on Create Button
2026-09-19 12:59:19 [info]: Clicking on getByRole('button', { name: 'Create' })
2026-09-19 12:59:20 [info]: Entering Ozella value in first Name text box
2026-09-19 12:59:20 [info]: Entering Ozella text in locator('#first-name')
2026-09-19 12:59:21 [info]: Entering Adams value in Last Name Text box
2026-09-19 12:59:21 [info]: Entering Adams text in locator('#last-name')
2026-09-19 12:59:25 [info]: Selecting Contact dropdown value
2026-09-19 12:59:25 [info]: Locating locator('#category') and Selecting the Contact dropdown values
2026-09-19 12:59:26 [info]: Selecting New dropdown value 
2026-09-19 12:59:26 [info]: Locating locator('#status') and Selecting the New dropdown values
2026-09-19 12:59:27 [info]: Clicking on Save button
2026-09-19 12:59:27 [info]: Clicking on getByRole('button', { name: 'Save' })
2026-09-19 13:00:24 [info]: Entering prafulp1010@gmail.com value in Username text box
2026-09-19 13:00:24 [info]: Entering prafulp1010@gmail.com text in locator('#email')
2026-09-19 13:00:25 [info]: Entering Pr@ful0812 value in Password Text box
2026-09-19 13:00:25 [info]: Entering Pr@ful0812 text in locator('#password')
2026-09-19 13:00:25 [info]: Clicking on Login button
2026-09-19 13:00:25 [info]: Clicking on getByRole('button', { name: 'Login' })
2026-09-19 13:00:58 [info]: Clicking on contact links
2026-09-19 13:00:58 [info]: Clicking on locator('//span[text()=\'Contacts\']')
2026-09-19 13:01:03 [info]: Clicking on contact links
2026-09-19 13:01:03 [info]: Clicking on locator('//span[text()=\'Contacts\']')
2026-09-19 13:01:04 [info]: Clicking on Create Button
2026-09-19 13:01:04 [info]: Clicking on getByRole('button', { name: 'Create' })
2026-09-19 13:01:06 [info]: Entering Heber value in first Name text box
2026-09-19 13:01:06 [info]: Entering Heber text in locator('#first-name')
2026-09-19 13:01:07 [info]: Entering Fadel value in Last Name Text box
2026-09-19 13:01:07 [info]: Entering Fadel text in locator('#last-name')
2026-09-19 13:01:11 [info]: Selecting Contact dropdown value
2026-09-19 13:01:11 [info]: Locating locator('#category') and Selecting the Contact dropdown values
2026-09-19 13:01:12 [info]: Selecting New dropdown value 
2026-09-19 13:01:12 [info]: Locating locator('#status') and Selecting the New dropdown values
2026-09-19 13:01:13 [info]: Clicking on Save button
2026-09-19 13:01:13 [info]: Clicking on getByRole('button', { name: 'Save' })
2026-09-26 12:29:54 [info]: Entering prafulp1010@gmail.com value in Username text box
2026-09-26 12:29:54 [info]: Entering prafulp1010@gmail.com text in locator('#email')
2026-09-26 12:29:54 [info]: Entering Pr@ful0812 value in Password Text box
2026-09-26 12:29:54 [info]: Entering Pr@ful0812 text in locator('#password')
2026-09-26 12:29:54 [info]: Clicking on Login button
2026-09-26 12:29:54 [info]: Clicking on getByRole('button', { name: 'Login' })
2026-09-26 12:30:27 [info]: Entering prafulp1010@gmail.com value in Username text box
2026-09-26 12:30:27 [info]: Entering prafulp1010@gmail.com text in locator('#email')
2026-09-26 12:30:27 [info]: Entering Pr@ful0812 value in Password Text box
2026-09-26 12:30:27 [info]: Entering Pr@ful0812 text in locator('#password')
2026-09-26 12:30:27 [info]: Clicking on Login button
2026-09-26 12:30:27 [info]: Clicking on getByRole('button', { name: 'Login' })
2026-09-26 12:31:00 [info]: Clicking on contact links
2026-09-26 12:31:00 [info]: Clicking on locator('//span[text()=\'Contacts\']')
2026-09-26 12:31:05 [info]: Clicking on contact links
2026-09-26 12:31:05 [info]: Clicking on locator('//span[text()=\'Contacts\']')
2026-09-26 12:31:06 [info]: Clicking on Create Button
2026-09-26 12:31:06 [info]: Clicking on getByRole('button', { name: 'Create' })
2026-09-26 12:31:07 [info]: Entering Magnus value in first Name text box
2026-09-26 12:31:07 [info]: Entering Magnus text in locator('#first-name')
2026-09-26 12:31:08 [info]: Entering Trantow value in Last Name Text box
2026-09-26 12:31:08 [info]: Entering Trantow text in locator('#last-name')
2026-09-26 12:31:12 [info]: Selecting Contact dropdown value
2026-09-26 12:31:12 [info]: Locating locator('#category') and Selecting the Contact dropdown values
2026-09-26 12:31:13 [info]: Selecting New dropdown value 
2026-09-26 12:31:13 [info]: Locating locator('#status') and Selecting the New dropdown values
2026-09-26 12:31:14 [info]: Clicking on Save button
2026-09-26 12:31:14 [info]: Clicking on getByRole('button', { name: 'Save' })
2026-09-26 12:31:17 [info]: Clicking on locator('//ul[@class=\'_navList_3as89_80\']/descendant::a[@href=\'/deals\']')
2026-09-26 12:31:50 [info]: Clicking on locator('//ul[@class=\'_navList_3as89_80\']/descendant::a[@href=\'/deals\']')
2026-09-26 12:32:39 [info]: Entering prafulp1010@gmail.com value in Username text box
2026-09-26 12:32:39 [info]: Entering prafulp1010@gmail.com text in locator('#email')
2026-09-26 12:32:39 [info]: Entering Pr@ful0812 value in Password Text box
2026-09-26 12:32:39 [info]: Entering Pr@ful0812 text in locator('#password')
2026-09-26 12:32:39 [info]: Clicking on Login button
2026-09-26 12:32:39 [info]: Clicking on getByRole('button', { name: 'Login' })
2026-09-26 12:32:47 [info]: Clicking on contact links
2026-09-26 12:32:47 [info]: Clicking on locator('//span[text()=\'Contacts\']')
2026-09-26 12:32:52 [info]: Clicking on contact links
2026-09-26 12:32:52 [info]: Clicking on locator('//span[text()=\'Contacts\']')
2026-09-26 12:32:53 [info]: Clicking on Create Button
2026-09-26 12:32:53 [info]: Clicking on getByRole('button', { name: 'Create' })
2026-09-26 12:32:54 [info]: Entering Alfreda value in first Name text box
2026-09-26 12:32:54 [info]: Entering Alfreda text in locator('#first-name')
2026-09-26 12:32:55 [info]: Entering Auer value in Last Name Text box
2026-09-26 12:32:55 [info]: Entering Auer text in locator('#last-name')
2026-09-26 12:32:59 [info]: Selecting Contact dropdown value
2026-09-26 12:32:59 [info]: Locating locator('#category') and Selecting the Contact dropdown values
2026-09-26 12:33:00 [info]: Selecting New dropdown value 
2026-09-26 12:33:00 [info]: Locating locator('#status') and Selecting the New dropdown values
2026-09-26 12:33:01 [info]: Clicking on Save button
2026-09-26 12:33:01 [info]: Clicking on getByRole('button', { name: 'Save' })
2026-09-26 12:33:05 [info]: Clicking on locator('//ul[@class=\'_navList_3as89_80\']/descendant::a[@href=\'/deals\']')
2026-09-26 12:33:07 [info]: Clicking on locator('//button[text()=\'Create\']')
2026-09-26 12:33:08 [info]: Entering undefined text in Mobile Deals
2026-09-26 12:33:13 [info]: Clicking on locator('//ul[@class=\'_navList_3as89_80\']/descendant::a[@href=\'/deals\']')
2026-09-26 12:33:15 [info]: Clicking on locator('//button[text()=\'Create\']')
2026-09-26 12:33:16 [info]: Entering undefined text in Mobile Deals
2026-09-26 12:33:22 [info]: Clicking on locator('//ul[@class=\'_navList_3as89_80\']/descendant::a[@href=\'/deals\']')
2026-09-26 12:33:24 [info]: Clicking on locator('//button[text()=\'Create\']')
2026-09-26 12:33:25 [info]: Entering undefined text in Mobile Deals
2026-09-26 12:33:30 [info]: Clicking on locator('//ul[@class=\'_navList_3as89_80\']/descendant::a[@href=\'/deals\']')
2026-09-26 12:33:31 [info]: Clicking on locator('//button[text()=\'Create\']')
2026-09-26 12:33:33 [info]: Entering undefined text in Mobile Deals
2026-09-26 12:34:28 [info]: Entering prafulp1010@gmail.com value in Username text box
2026-09-26 12:34:28 [info]: Entering prafulp1010@gmail.com text in locator('#email')
2026-09-26 12:34:28 [info]: Entering Pr@ful0812 value in Password Text box
2026-09-26 12:34:28 [info]: Entering Pr@ful0812 text in locator('#password')
2026-09-26 12:34:28 [info]: Clicking on Login button
2026-09-26 12:34:28 [info]: Clicking on getByRole('button', { name: 'Login' })
2026-09-26 12:34:36 [info]: Clicking on contact links
2026-09-26 12:34:36 [info]: Clicking on locator('//span[text()=\'Contacts\']')
2026-09-26 12:34:41 [info]: Clicking on contact links
2026-09-26 12:34:41 [info]: Clicking on locator('//span[text()=\'Contacts\']')
2026-09-26 12:34:42 [info]: Clicking on Create Button
2026-09-26 12:34:42 [info]: Clicking on getByRole('button', { name: 'Create' })
2026-09-26 12:34:43 [info]: Entering Frieda value in first Name text box
2026-09-26 12:34:43 [info]: Entering Frieda text in locator('#first-name')
2026-09-26 12:34:44 [info]: Entering Ritchie value in Last Name Text box
2026-09-26 12:34:44 [info]: Entering Ritchie text in locator('#last-name')
2026-09-26 12:34:48 [info]: Selecting Contact dropdown value
2026-09-26 12:34:48 [info]: Locating locator('#category') and Selecting the Contact dropdown values
2026-09-26 12:34:49 [info]: Selecting New dropdown value 
2026-09-26 12:34:49 [info]: Locating locator('#status') and Selecting the New dropdown values
2026-09-26 12:34:50 [info]: Clicking on Save button
2026-09-26 12:34:50 [info]: Clicking on getByRole('button', { name: 'Save' })
2026-09-26 12:34:55 [info]: Clicking on locator('//ul[@class=\'_navList_3as89_80\']/descendant::a[@href=\'/deals\']')
2026-09-26 12:34:56 [info]: Clicking on locator('//button[text()=\'Create\']')
2026-09-26 12:34:57 [info]: Entering Mobile Deals text in locator('#title')
2026-09-26 12:34:58 [info]: Clicking on getByRole('button', { name: 'Save' })
2026-09-26 12:35:46 [info]: Entering prafulp1010@gmail.com value in Username text box
2026-09-26 12:35:46 [info]: Entering prafulp1010@gmail.com text in locator('#email')
2026-09-26 12:35:46 [info]: Entering Pr@ful0812 value in Password Text box
2026-09-26 12:35:46 [info]: Entering Pr@ful0812 text in locator('#password')
2026-09-26 12:35:46 [info]: Clicking on Login button
2026-09-26 12:35:46 [info]: Clicking on getByRole('button', { name: 'Login' })
2026-09-26 12:35:54 [info]: Clicking on contact links
2026-09-26 12:35:54 [info]: Clicking on locator('//span[text()=\'Contacts\']')
2026-09-26 12:35:59 [info]: Clicking on contact links
2026-09-26 12:35:59 [info]: Clicking on locator('//span[text()=\'Contacts\']')
2026-09-26 12:36:00 [info]: Clicking on Create Button
2026-09-26 12:36:00 [info]: Clicking on getByRole('button', { name: 'Create' })
2026-09-26 12:36:02 [info]: Entering Helen value in first Name text box
2026-09-26 12:36:02 [info]: Entering Helen text in locator('#first-name')
2026-09-26 12:36:03 [info]: Entering Labadie value in Last Name Text box
2026-09-26 12:36:03 [info]: Entering Labadie text in locator('#last-name')
2026-09-26 12:36:07 [info]: Selecting Contact dropdown value
2026-09-26 12:36:07 [info]: Locating locator('#category') and Selecting the Contact dropdown values
2026-09-26 12:36:08 [info]: Selecting New dropdown value 
2026-09-26 12:36:08 [info]: Locating locator('#status') and Selecting the New dropdown values
2026-09-26 12:36:09 [info]: Clicking on Save button
2026-09-26 12:36:09 [info]: Clicking on getByRole('button', { name: 'Save' })
2026-09-26 12:36:13 [info]: Clicking on locator('//ul[@class=\'_navList_3as89_80\']/descendant::a[@href=\'/deals\']')
2026-09-26 12:36:15 [info]: Clicking on locator('//button[text()=\'Create\']')
2026-09-26 12:36:16 [info]: Entering Mobile Deals text in locator('#title')
2026-09-26 12:36:17 [info]: Clicking on getByRole('button', { name: 'Save' })
2026-09-26 12:43:15 [info]: Entering prafulp1010@gmail.com value in Username text box
2026-09-26 12:43:15 [info]: Entering prafulp1010@gmail.com text in locator('#email')
2026-09-26 12:43:15 [info]: Entering Pr@ful0812 value in Password Text box
2026-09-26 12:43:15 [info]: Entering Pr@ful0812 text in locator('#password')
2026-09-26 12:43:15 [info]: Clicking on Login button
2026-09-26 12:43:15 [info]: Clicking on getByRole('button', { name: 'Login' })
2026-09-26 12:43:23 [info]: Clicking on contact links
2026-09-26 12:43:23 [info]: Clicking on locator('//span[text()=\'Contacts\']')
2026-09-26 12:43:28 [info]: Clicking on contact links
2026-09-26 12:43:28 [info]: Clicking on locator('//span[text()=\'Contacts\']')
2026-09-26 12:43:29 [info]: Clicking on Create Button
2026-09-26 12:43:29 [info]: Clicking on getByRole('button', { name: 'Create' })
2026-09-26 12:43:30 [info]: Entering Armani value in first Name text box
2026-09-26 12:43:30 [info]: Entering Armani text in locator('#first-name')
2026-09-26 12:43:31 [info]: Entering Pagac value in Last Name Text box
2026-09-26 12:43:31 [info]: Entering Pagac text in locator('#last-name')
2026-09-26 12:43:35 [info]: Selecting Contact dropdown value
2026-09-26 12:43:35 [info]: Locating locator('#category') and Selecting the Contact dropdown values
2026-09-26 12:43:36 [info]: Selecting New dropdown value 
2026-09-26 12:43:36 [info]: Locating locator('#status') and Selecting the New dropdown values
2026-09-26 12:43:37 [info]: Clicking on Save button
2026-09-26 12:43:37 [info]: Clicking on getByRole('button', { name: 'Save' })
2026-09-26 12:43:42 [info]: Clicking on locator('//ul[@class=\'_navList_3as89_80\']/descendant::a[@href=\'/deals\']')
2026-09-26 12:43:44 [info]: Clicking on locator('//button[text()=\'Create\']')
2026-09-26 12:43:45 [info]: Entering Mobile Deals text in locator('#title')
2026-09-26 12:43:46 [info]: Clicking on getByRole('button', { name: 'Save' })
2026-09-26 12:44:32 [info]: Entering prafulp1010@gmail.com value in Username text box
2026-09-26 12:44:32 [info]: Entering prafulp1010@gmail.com text in locator('#email')
2026-09-26 12:44:32 [info]: Entering Pr@ful0812 value in Password Text box
2026-09-26 12:44:32 [info]: Entering Pr@ful0812 text in locator('#password')
2026-09-26 12:44:32 [info]: Clicking on Login button
2026-09-26 12:44:32 [info]: Clicking on getByRole('button', { name: 'Login' })
2026-09-26 12:44:41 [info]: Clicking on contact links
2026-09-26 12:44:41 [info]: Clicking on locator('//span[text()=\'Contacts\']')
2026-09-26 12:44:45 [info]: Clicking on contact links
2026-09-26 12:44:45 [info]: Clicking on locator('//span[text()=\'Contacts\']')
2026-09-26 12:44:46 [info]: Clicking on Create Button
2026-09-26 12:44:46 [info]: Clicking on getByRole('button', { name: 'Create' })
2026-09-26 12:44:48 [info]: Entering Lonie value in first Name text box
2026-09-26 12:44:48 [info]: Entering Lonie text in locator('#first-name')
2026-09-26 12:44:49 [info]: Entering Larkin-Dach value in Last Name Text box
2026-09-26 12:44:49 [info]: Entering Larkin-Dach text in locator('#last-name')
2026-09-26 12:44:53 [info]: Selecting Contact dropdown value
2026-09-26 12:44:53 [info]: Locating locator('#category') and Selecting the Contact dropdown values
2026-09-26 12:44:54 [info]: Selecting New dropdown value 
2026-09-26 12:44:54 [info]: Locating locator('#status') and Selecting the New dropdown values
2026-09-26 12:44:55 [info]: Clicking on Save button
2026-09-26 12:44:55 [info]: Clicking on getByRole('button', { name: 'Save' })
2026-09-26 12:44:59 [info]: Clicking on locator('//ul[@class=\'_navList_3as89_80\']/descendant::a[@href=\'/deals\']')
2026-09-26 12:45:00 [info]: Clicking on locator('//button[text()=\'Create\']')
2026-09-26 12:45:02 [info]: Entering Mobile Deals text in locator('#title')
2026-09-26 12:45:03 [info]: Clicking on getByRole('button', { name: 'Save' })
2026-09-26 12:47:26 [info]: Entering prafulp1010@gmail.com value in Username text box
2026-09-26 12:47:26 [info]: Entering prafulp1010@gmail.com text in locator('#email')
2026-09-26 12:47:27 [info]: Entering Pr@ful0812 value in Password Text box
2026-09-26 12:47:27 [info]: Entering Pr@ful0812 text in locator('#password')
2026-09-26 12:47:27 [info]: Clicking on Login button
2026-09-26 12:47:27 [info]: Clicking on getByRole('button', { name: 'Login' })
2026-09-26 12:47:35 [info]: Clicking on contact links
2026-09-26 12:47:35 [info]: Clicking on locator('//span[text()=\'Contacts\']')
2026-09-26 12:47:40 [info]: Clicking on contact links
2026-09-26 12:47:40 [info]: Clicking on locator('//span[text()=\'Contacts\']')
2026-09-26 12:47:41 [info]: Clicking on Create Button
2026-09-26 12:47:41 [info]: Clicking on getByRole('button', { name: 'Create' })
2026-09-26 12:47:42 [info]: Entering Rufus value in first Name text box
2026-09-26 12:47:42 [info]: Entering Rufus text in locator('#first-name')
2026-09-26 12:47:43 [info]: Entering Fay value in Last Name Text box
2026-09-26 12:47:43 [info]: Entering Fay text in locator('#last-name')
2026-09-26 12:47:47 [info]: Selecting Contact dropdown value
2026-09-26 12:47:47 [info]: Locating locator('#category') and Selecting the Contact dropdown values
2026-09-26 12:47:48 [info]: Selecting New dropdown value 
2026-09-26 12:47:48 [info]: Locating locator('#status') and Selecting the New dropdown values
2026-09-26 12:47:49 [info]: Clicking on Save button
2026-09-26 12:47:49 [info]: Clicking on getByRole('button', { name: 'Save' })
2026-09-26 12:47:53 [info]: Clicking on locator('//ul[@class=\'_navList_3as89_80\']/descendant::a[@href=\'/deals\']')
2026-09-26 12:47:55 [info]: Clicking on locator('//button[text()=\'Create\']')
2026-09-26 12:47:56 [info]: Entering Mobile Deals text in locator('#title')
2026-09-26 12:47:57 [info]: Clicking on getByRole('button', { name: 'Save' })
2026-09-26 12:48:22 [info]: Entering prafulp1010@gmail.com value in Username text box
2026-09-26 12:48:22 [info]: Entering prafulp1010@gmail.com text in locator('#email')
2026-09-26 12:48:22 [info]: Entering Pr@ful0812 value in Password Text box
2026-09-26 12:48:22 [info]: Entering Pr@ful0812 text in locator('#password')
2026-09-26 12:48:22 [info]: Clicking on Login button
2026-09-26 12:48:22 [info]: Clicking on getByRole('button', { name: 'Login' })
2026-09-26 12:48:30 [info]: Clicking on contact links
2026-09-26 12:48:30 [info]: Clicking on locator('//span[text()=\'Contacts\']')
2026-09-26 12:48:35 [info]: Clicking on contact links
2026-09-26 12:48:35 [info]: Clicking on locator('//span[text()=\'Contacts\']')
2026-09-26 12:48:36 [info]: Clicking on Create Button
2026-09-26 12:48:36 [info]: Clicking on getByRole('button', { name: 'Create' })
2026-09-26 12:48:37 [info]: Entering Fredy value in first Name text box
2026-09-26 12:48:37 [info]: Entering Fredy text in locator('#first-name')
2026-09-26 12:48:38 [info]: Entering Koelpin value in Last Name Text box
2026-09-26 12:48:38 [info]: Entering Koelpin text in locator('#last-name')
2026-09-26 12:48:42 [info]: Selecting Contact dropdown value
2026-09-26 12:48:42 [info]: Locating locator('#category') and Selecting the Contact dropdown values
2026-09-26 12:48:43 [info]: Selecting New dropdown value 
2026-09-26 12:48:43 [info]: Locating locator('#status') and Selecting the New dropdown values
2026-09-26 12:48:44 [info]: Clicking on Save button
2026-09-26 12:48:44 [info]: Clicking on getByRole('button', { name: 'Save' })
2026-09-26 12:48:48 [info]: Clicking on locator('//ul[@class=\'_navList_3as89_80\']/descendant::a[@href=\'/deals\']')
2026-09-26 12:48:50 [info]: Clicking on locator('//button[text()=\'Create\']')
2026-09-26 12:48:52 [info]: Entering Mobile Deals text in locator('#title')
2026-09-26 12:48:53 [info]: Clicking on getByRole('button', { name: 'Save' })
2026-09-26 12:50:38 [info]: Entering prafulp1010@gmail.com value in Username text box
2026-09-26 12:50:38 [info]: Entering prafulp1010@gmail.com text in locator('#email')
2026-09-26 12:50:38 [info]: Entering Pr@ful0812 value in Password Text box
2026-09-26 12:50:38 [info]: Entering Pr@ful0812 text in locator('#password')
2026-09-26 12:50:38 [info]: Clicking on Login button
2026-09-26 12:50:38 [info]: Clicking on getByRole('button', { name: 'Login' })
2026-09-26 12:50:46 [info]: Clicking on contact links
2026-09-26 12:50:46 [info]: Clicking on locator('//span[text()=\'Contacts\']')
2026-09-26 12:50:51 [info]: Clicking on contact links
2026-09-26 12:50:51 [info]: Clicking on locator('//span[text()=\'Contacts\']')
2026-09-26 12:50:52 [info]: Clicking on Create Button
2026-09-26 12:50:52 [info]: Clicking on getByRole('button', { name: 'Create' })
2026-09-26 12:50:53 [info]: Entering Roy value in first Name text box
2026-09-26 12:50:53 [info]: Entering Roy text in locator('#first-name')
2026-09-26 12:50:54 [info]: Entering Runolfsson value in Last Name Text box
2026-09-26 12:50:54 [info]: Entering Runolfsson text in locator('#last-name')
2026-09-26 12:50:58 [info]: Selecting Contact dropdown value
2026-09-26 12:50:58 [info]: Locating locator('#category') and Selecting the Contact dropdown values
2026-09-26 12:50:59 [info]: Selecting New dropdown value 
2026-09-26 12:50:59 [info]: Locating locator('#status') and Selecting the New dropdown values
2026-09-26 12:51:00 [info]: Clicking on Save button
2026-09-26 12:51:00 [info]: Clicking on getByRole('button', { name: 'Save' })
2026-09-26 12:51:04 [info]: Clicking on locator('//ul[@class=\'_navList_3as89_80\']/descendant::a[@href=\'/deals\']')
2026-09-26 12:51:06 [info]: Clicking on locator('//button[text()=\'Create\']')
2026-09-26 12:51:07 [info]: Entering Mobile Deals text in locator('#title')
2026-09-26 12:51:08 [info]: Clicking on getByRole('button', { name: 'Save' })
2026-09-26 12:51:20 [info]: Clicking on contact links
2026-09-26 12:51:20 [info]: Clicking on locator('//span[text()=\'Contacts\']')
2026-09-26 12:51:26 [info]: Clicking on contact links
2026-09-26 12:51:26 [info]: Clicking on locator('//span[text()=\'Contacts\']')
2026-09-26 12:51:28 [info]: Clicking on Create Button
2026-09-26 12:51:28 [info]: Clicking on getByRole('button', { name: 'Create' })
2026-09-26 12:51:29 [info]: Entering Eleanor value in first Name text box
2026-09-26 12:51:29 [info]: Entering Eleanor text in locator('#first-name')
2026-09-26 12:51:30 [info]: Entering Sanford value in Last Name Text box
2026-09-26 12:51:30 [info]: Entering Sanford text in locator('#last-name')
2026-09-26 12:51:34 [info]: Selecting Contact dropdown value
2026-09-26 12:51:34 [info]: Locating locator('#category') and Selecting the Contact dropdown values
2026-09-26 12:51:35 [info]: Selecting New dropdown value 
2026-09-26 12:51:35 [info]: Locating locator('#status') and Selecting the New dropdown values
2026-09-26 12:51:37 [info]: Clicking on Save button
2026-09-26 12:51:37 [info]: Clicking on getByRole('button', { name: 'Save' })
2026-09-26 12:51:43 [info]: Clicking on locator('//ul[@class=\'_navList_3as89_80\']/descendant::a[@href=\'/deals\']')
2026-09-26 12:51:44 [info]: Clicking on locator('//button[text()=\'Create\']')
2026-09-26 12:51:45 [info]: Entering Mobile Deals text in locator('#title')
2026-09-26 12:51:46 [info]: Clicking on getByRole('button', { name: 'Save' })
2026-09-26 12:51:56 [info]: Clicking on contact links
2026-09-26 12:51:56 [info]: Clicking on locator('//span[text()=\'Contacts\']')
2026-09-26 12:52:01 [info]: Clicking on contact links
2026-09-26 12:52:01 [info]: Clicking on locator('//span[text()=\'Contacts\']')
2026-09-26 12:52:08 [info]: Clicking on contact links
2026-09-26 12:52:08 [info]: Clicking on locator('//span[text()=\'Contacts\']')
2026-09-26 12:52:09 [info]: Clicking on Create Button
2026-09-26 12:52:09 [info]: Clicking on getByRole('button', { name: 'Create' })
2026-09-26 12:52:10 [info]: Entering Barry value in first Name text box
2026-09-26 12:52:10 [info]: Entering Barry text in locator('#first-name')
2026-09-26 12:52:12 [info]: Entering Stokes value in Last Name Text box
2026-09-26 12:52:12 [info]: Entering Stokes text in locator('#last-name')
2026-09-26 12:52:16 [info]: Selecting Contact dropdown value
2026-09-26 12:52:16 [info]: Locating locator('#category') and Selecting the Contact dropdown values
2026-09-26 12:52:17 [info]: Selecting New dropdown value 
2026-09-26 12:52:17 [info]: Locating locator('#status') and Selecting the New dropdown values
2026-09-26 12:52:18 [info]: Clicking on Save button
2026-09-26 12:52:18 [info]: Clicking on getByRole('button', { name: 'Save' })
2026-09-26 12:52:22 [info]: Clicking on locator('//ul[@class=\'_navList_3as89_80\']/descendant::a[@href=\'/deals\']')
2026-09-26 12:52:24 [info]: Clicking on locator('//button[text()=\'Create\']')
2026-09-26 12:52:30 [info]: Clicking on locator('//ul[@class=\'_navList_3as89_80\']/descendant::a[@href=\'/deals\']')
2026-09-26 12:52:32 [info]: Clicking on locator('//button[text()=\'Create\']')
2026-09-26 12:52:33 [info]: Entering Mobile Deals text in locator('#title')
2026-09-26 12:52:34 [info]: Clicking on getByRole('button', { name: 'Save' })
2026-09-26 12:53:21 [info]: Entering prafulp1010@gmail.com value in Username text box
2026-09-26 12:53:21 [info]: Entering prafulp1010@gmail.com text in locator('#email')
2026-09-26 12:53:22 [info]: Entering Pr@ful0812 value in Password Text box
2026-09-26 12:53:22 [info]: Entering Pr@ful0812 text in locator('#password')
2026-09-26 12:53:22 [info]: Clicking on Login button
2026-09-26 12:53:22 [info]: Clicking on getByRole('button', { name: 'Login' })
2026-09-26 12:53:30 [info]: Clicking on contact links
2026-09-26 12:53:30 [info]: Clicking on locator('//ul[@class=\'_navList_3as89_80\']/descendant::a[@href=\'/deals\']')
2026-09-26 12:53:30 [info]: Clicking on locator('//span[text()=\'Contacts\']')
2026-09-26 12:53:31 [info]: Clicking on Create Button
2026-09-26 12:53:31 [info]: Clicking on getByRole('button', { name: 'Create' })
2026-09-26 12:53:31 [info]: Clicking on locator('//button[text()=\'Create\']')
2026-09-26 12:53:31 [info]: Clicking on contact links
2026-09-26 12:53:31 [info]: Clicking on locator('//span[text()=\'Contacts\']')
2026-09-26 12:53:32 [info]: Entering Mobile Deals text in locator('#title')
2026-09-26 12:53:32 [info]: Entering Grover value in first Name text box
2026-09-26 12:53:32 [info]: Entering Grover text in locator('#first-name')
2026-09-26 12:53:34 [info]: Clicking on getByRole('button', { name: 'Save' })
2026-09-26 12:53:34 [info]: Entering Heaney value in Last Name Text box
2026-09-26 12:53:34 [info]: Entering Heaney text in locator('#last-name')
2026-09-26 12:53:38 [info]: Selecting Contact dropdown value
2026-09-26 12:53:38 [info]: Locating locator('#category') and Selecting the Contact dropdown values
2026-09-26 12:53:39 [info]: Selecting New dropdown value 
2026-09-26 12:53:39 [info]: Locating locator('#status') and Selecting the New dropdown values
2026-09-26 12:53:40 [info]: Clicking on Save button
2026-09-26 12:53:40 [info]: Clicking on getByRole('button', { name: 'Save' })
2026-09-26 12:53:43 [info]: Clicking on contact links
2026-09-26 12:53:43 [info]: Clicking on locator('//span[text()=\'Contacts\']')
2026-09-26 12:53:44 [info]: Clicking on contact links
2026-09-26 12:53:44 [info]: Clicking on locator('//span[text()=\'Contacts\']')
2026-09-26 12:53:46 [info]: Clicking on Create Button
2026-09-26 12:53:46 [info]: Clicking on getByRole('button', { name: 'Create' })
2026-09-26 12:53:48 [info]: Entering Ivory value in first Name text box
2026-09-26 12:53:48 [info]: Entering Ivory text in locator('#first-name')
2026-09-26 12:53:49 [info]: Entering Osinski value in Last Name Text box
2026-09-26 12:53:49 [info]: Entering Osinski text in locator('#last-name')
2026-09-26 12:53:52 [info]: Clicking on locator('//ul[@class=\'_navList_3as89_80\']/descendant::a[@href=\'/deals\']')
2026-09-26 12:53:53 [info]: Clicking on locator('//button[text()=\'Create\']')
2026-09-26 12:53:54 [info]: Selecting Contact dropdown value
2026-09-26 12:53:54 [info]: Locating locator('#category') and Selecting the Contact dropdown values
2026-09-26 12:53:54 [info]: Entering Mobile Deals text in locator('#title')
2026-09-26 12:53:55 [info]: Selecting New dropdown value 
2026-09-26 12:53:55 [info]: Locating locator('#status') and Selecting the New dropdown values
2026-09-26 12:53:56 [info]: Clicking on getByRole('button', { name: 'Save' })
2026-09-26 12:53:56 [info]: Clicking on Save button
2026-09-26 12:53:56 [info]: Clicking on getByRole('button', { name: 'Save' })
2026-09-26 12:54:02 [info]: Clicking on contact links
2026-09-26 12:54:02 [info]: Clicking on locator('//span[text()=\'Contacts\']')
2026-09-26 12:54:04 [info]: Clicking on contact links
2026-09-26 12:54:05 [info]: Clicking on locator('//span[text()=\'Contacts\']')
2026-09-26 12:54:06 [info]: Clicking on Create Button
2026-09-26 12:54:06 [info]: Clicking on getByRole('button', { name: 'Create' })
2026-09-26 12:54:08 [info]: Clicking on locator('//ul[@class=\'_navList_3as89_80\']/descendant::a[@href=\'/deals\']')
2026-09-26 12:54:10 [info]: Clicking on locator('//button[text()=\'Create\']')
2026-09-26 12:54:11 [info]: Entering Mobile Deals text in locator('#title')
2026-09-26 12:54:12 [info]: Clicking on getByRole('button', { name: 'Save' })
2026-09-26 12:54:13 [info]: Clicking on contact links
2026-09-26 12:54:13 [info]: Clicking on locator('//span[text()=\'Contacts\']')
2026-09-26 12:54:16 [info]: Clicking on Create Button
2026-09-26 12:54:16 [info]: Clicking on getByRole('button', { name: 'Create' })
2026-09-26 12:54:17 [info]: Entering Pearl value in first Name text box
2026-09-26 12:54:17 [info]: Entering Pearl text in locator('#first-name')
2026-09-26 12:54:18 [info]: Entering Daugherty value in Last Name Text box
2026-09-26 12:54:18 [info]: Entering Daugherty text in locator('#last-name')
2026-09-26 12:54:22 [info]: Clicking on contact links
2026-09-26 12:54:22 [info]: Clicking on locator('//span[text()=\'Contacts\']')
2026-09-26 12:54:22 [info]: Selecting Contact dropdown value
2026-09-26 12:54:22 [info]: Locating locator('#category') and Selecting the Contact dropdown values
2026-09-26 12:54:23 [info]: Selecting New dropdown value 
2026-09-26 12:54:23 [info]: Locating locator('#status') and Selecting the New dropdown values
2026-09-26 12:54:25 [info]: Clicking on Save button
2026-09-26 12:54:25 [info]: Clicking on getByRole('button', { name: 'Save' })
2026-09-26 12:54:56 [info]: Clicking on contact links
2026-09-26 12:54:56 [info]: Clicking on locator('//span[text()=\'Contacts\']')
2026-09-26 12:55:47 [info]: Entering prafulp1010@gmail.com value in Username text box
2026-09-26 12:55:47 [info]: Entering prafulp1010@gmail.com text in locator('#email')
2026-09-26 12:55:47 [info]: Entering Pr@ful0812 value in Password Text box
2026-09-26 12:55:47 [info]: Entering Pr@ful0812 text in locator('#password')
2026-09-26 12:55:47 [info]: Clicking on Login button
2026-09-26 12:55:47 [info]: Clicking on getByRole('button', { name: 'Login' })
2026-09-26 12:55:56 [info]: Clicking on contact links
2026-09-26 12:55:56 [info]: Clicking on locator('//span[text()=\'Contacts\']')
2026-09-26 12:55:56 [info]: Clicking on locator('//ul[@class=\'_navList_3as89_80\']/descendant::a[@href=\'/deals\']')
2026-09-26 12:55:57 [info]: Clicking on locator('//button[text()=\'Create\']')
2026-09-26 12:55:58 [info]: Clicking on contact links
2026-09-26 12:55:58 [info]: Clicking on locator('//span[text()=\'Contacts\']')
2026-09-26 12:55:59 [info]: Entering Mobile Deals text in locator('#title')
2026-09-26 12:55:59 [info]: Clicking on Create Button
2026-09-26 12:55:59 [info]: Clicking on getByRole('button', { name: 'Create' })
2026-09-26 12:56:00 [info]: Clicking on getByRole('button', { name: 'Save' })
2026-09-26 12:56:00 [info]: Entering Jenna value in first Name text box
2026-09-26 12:56:00 [info]: Entering Jenna text in locator('#first-name')
2026-09-26 12:56:01 [info]: Entering Windler value in Last Name Text box
2026-09-26 12:56:01 [info]: Entering Windler text in locator('#last-name')
2026-09-26 12:56:05 [info]: Selecting Contact dropdown value
2026-09-26 12:56:05 [info]: Locating locator('#category') and Selecting the Contact dropdown values
2026-09-26 12:56:07 [info]: Selecting New dropdown value 
2026-09-26 12:56:07 [info]: Locating locator('#status') and Selecting the New dropdown values
2026-09-26 12:56:08 [info]: Clicking on Save button
2026-09-26 12:56:08 [info]: Clicking on getByRole('button', { name: 'Save' })
2026-09-26 12:56:09 [info]: Clicking on contact links
2026-09-26 12:56:09 [info]: Clicking on locator('//span[text()=\'Contacts\']')
2026-09-26 12:56:13 [info]: Clicking on contact links
2026-09-26 12:56:13 [info]: Clicking on locator('//span[text()=\'Contacts\']')
2026-09-26 12:56:14 [info]: Clicking on Create Button
2026-09-26 12:56:14 [info]: Clicking on getByRole('button', { name: 'Create' })
2026-09-26 12:56:16 [info]: Entering Dianne value in first Name text box
2026-09-26 12:56:16 [info]: Entering Dianne text in locator('#first-name')
2026-09-26 12:56:17 [info]: Entering McDermott-Langworth value in Last Name Text box
2026-09-26 12:56:17 [info]: Entering McDermott-Langworth text in locator('#last-name')
2026-09-26 12:56:21 [info]: Clicking on locator('//ul[@class=\'_navList_3as89_80\']/descendant::a[@href=\'/deals\']')
2026-09-26 12:57:06 [info]: Entering prafulp1010@gmail.com value in Username text box
2026-09-26 12:57:06 [info]: Entering prafulp1010@gmail.com text in locator('#email')
2026-09-26 12:57:06 [info]: Entering Pr@ful0812 value in Password Text box
2026-09-26 12:57:06 [info]: Entering Pr@ful0812 text in locator('#password')
2026-09-26 12:57:06 [info]: Clicking on Login button
2026-09-26 12:57:06 [info]: Clicking on getByRole('button', { name: 'Login' })
2026-09-26 12:57:19 [info]: Clicking on contact links
2026-09-26 12:57:19 [info]: Clicking on locator('//span[text()=\'Contacts\']')
2026-09-26 12:57:19 [info]: Clicking on contact links
2026-09-26 12:57:19 [info]: Clicking on locator('//span[text()=\'Contacts\']')
2026-09-26 12:57:19 [info]: Clicking on locator('//ul[@class=\'_navList_3as89_80\']/descendant::a[@href=\'/deals\']')
2026-09-26 12:57:21 [info]: Clicking on locator('//button[text()=\'Create\']')
2026-09-26 12:57:22 [info]: Entering Mobile Deals text in locator('#title')
2026-09-26 12:57:23 [info]: Clicking on getByRole('button', { name: 'Save' })
2026-09-26 12:57:26 [info]: Clicking on Create Button
2026-09-26 12:57:26 [info]: Clicking on getByRole('button', { name: 'Create' })
2026-09-26 12:57:28 [info]: Entering Zoie value in first Name text box
2026-09-26 12:57:28 [info]: Entering Zoie text in locator('#first-name')
2026-09-26 12:57:29 [info]: Entering Connelly value in Last Name Text box
2026-09-26 12:57:29 [info]: Entering Connelly text in locator('#last-name')
2026-09-26 12:57:33 [info]: Selecting Contact dropdown value
2026-09-26 12:57:33 [info]: Locating locator('#category') and Selecting the Contact dropdown values
2026-09-26 12:57:34 [info]: Selecting New dropdown value 
2026-09-26 12:57:34 [info]: Locating locator('#status') and Selecting the New dropdown values
2026-09-26 12:57:35 [info]: Clicking on Save button
2026-09-26 12:57:35 [info]: Clicking on getByRole('button', { name: 'Save' })
2026-09-26 12:58:55 [info]: Entering prafulp1010@gmail.com value in Username text box
2026-09-26 12:58:55 [info]: Entering prafulp1010@gmail.com text in locator('#email')
2026-09-26 12:58:55 [info]: Entering Pr@ful0812 value in Password Text box
2026-09-26 12:58:55 [info]: Entering Pr@ful0812 text in locator('#password')
2026-09-26 12:58:55 [info]: Clicking on Login button
2026-09-26 12:58:55 [info]: Clicking on getByRole('button', { name: 'Login' })
2026-09-26 12:59:03 [info]: Clicking on locator('//ul[@class=\'_navList_3as89_80\']/descendant::a[@href=\'/deals\']')
2026-09-26 12:59:04 [info]: Clicking on contact links
2026-09-26 12:59:04 [info]: Clicking on locator('//span[text()=\'Contacts\']')
2026-09-26 12:59:04 [info]: Clicking on contact links
2026-09-26 12:59:04 [info]: Clicking on locator('//span[text()=\'Contacts\']')
2026-09-26 12:59:05 [info]: Clicking on locator('//button[text()=\'Create\']')
2026-09-26 12:59:05 [info]: Clicking on Create Button
2026-09-26 12:59:05 [info]: Clicking on getByRole('button', { name: 'Create' })
2026-09-26 12:59:07 [info]: Entering Mobile Deals text in locator('#title')
2026-09-26 12:59:07 [info]: Entering Arjun value in first Name text box
2026-09-26 12:59:07 [info]: Entering Arjun text in locator('#first-name')
2026-09-26 12:59:08 [info]: Clicking on getByRole('button', { name: 'Save' })
2026-09-26 12:59:08 [info]: Entering Gibson value in Last Name Text box
2026-09-26 12:59:08 [info]: Entering Gibson text in locator('#last-name')
2026-09-26 12:59:12 [info]: Selecting Contact dropdown value
2026-09-26 12:59:12 [info]: Locating locator('#category') and Selecting the Contact dropdown values
2026-09-26 12:59:13 [info]: Selecting New dropdown value 
2026-09-26 12:59:13 [info]: Locating locator('#status') and Selecting the New dropdown values
2026-09-26 12:59:14 [info]: Clicking on Save button
2026-09-26 12:59:14 [info]: Clicking on getByRole('button', { name: 'Save' })
2026-09-26 12:59:17 [info]: Clicking on contact links
2026-09-26 12:59:17 [info]: Clicking on locator('//span[text()=\'Contacts\']')
2026-09-26 12:59:19 [info]: Clicking on contact links
2026-09-26 12:59:19 [info]: Clicking on locator('//span[text()=\'Contacts\']')
2026-09-26 12:59:21 [info]: Clicking on Create Button
2026-09-26 12:59:21 [info]: Clicking on getByRole('button', { name: 'Create' })
2026-09-26 12:59:23 [info]: Entering Gilberto value in first Name text box
2026-09-26 12:59:23 [info]: Entering Gilberto text in locator('#first-name')
2026-09-26 12:59:24 [info]: Entering Daniel value in Last Name Text box
2026-09-26 12:59:24 [info]: Entering Daniel text in locator('#last-name')
2026-09-26 12:59:26 [info]: Clicking on locator('//ul[@class=\'_navList_3as89_80\']/descendant::a[@href=\'/deals\']')
2026-09-26 12:59:28 [info]: Clicking on locator('//button[text()=\'Create\']')
2026-09-26 12:59:28 [info]: Selecting Contact dropdown value
2026-09-26 12:59:28 [info]: Locating locator('#category') and Selecting the Contact dropdown values
2026-09-26 12:59:29 [info]: Entering Mobile Deals text in locator('#title')
2026-09-26 12:59:29 [info]: Selecting New dropdown value 
2026-09-26 12:59:29 [info]: Locating locator('#status') and Selecting the New dropdown values
2026-09-26 12:59:30 [info]: Clicking on getByRole('button', { name: 'Save' })
2026-09-26 12:59:30 [info]: Clicking on Save button
2026-09-26 12:59:30 [info]: Clicking on getByRole('button', { name: 'Save' })
2026-09-26 12:59:38 [info]: Clicking on contact links
2026-09-26 12:59:38 [info]: Clicking on locator('//span[text()=\'Contacts\']')
2026-09-26 12:59:43 [info]: Clicking on locator('//ul[@class=\'_navList_3as89_80\']/descendant::a[@href=\'/deals\']')
2026-09-26 12:59:43 [info]: Clicking on contact links
2026-09-26 12:59:43 [info]: Clicking on locator('//span[text()=\'Contacts\']')
2026-09-26 12:59:45 [info]: Clicking on locator('//button[text()=\'Create\']')
2026-09-26 12:59:45 [info]: Clicking on Create Button
2026-09-26 12:59:45 [info]: Clicking on getByRole('button', { name: 'Create' })
2026-09-26 12:59:46 [info]: Entering Mobile Deals text in locator('#title')
2026-09-26 12:59:47 [info]: Entering Kailyn value in first Name text box
2026-09-26 12:59:47 [info]: Entering Kailyn text in locator('#first-name')
2026-09-26 12:59:47 [info]: Clicking on getByRole('button', { name: 'Save' })
2026-09-26 12:59:48 [info]: Entering Hermiston value in Last Name Text box
2026-09-26 12:59:48 [info]: Entering Hermiston text in locator('#last-name')
2026-09-26 12:59:49 [info]: Clicking on contact links
2026-09-26 12:59:49 [info]: Clicking on locator('//span[text()=\'Contacts\']')
2026-09-26 12:59:52 [info]: Selecting Contact dropdown value
2026-09-26 12:59:52 [info]: Locating locator('#category') and Selecting the Contact dropdown values
2026-09-26 12:59:53 [info]: Selecting New dropdown value 
2026-09-26 12:59:53 [info]: Locating locator('#status') and Selecting the New dropdown values
2026-09-26 12:59:54 [info]: Clicking on Save button
2026-09-26 12:59:54 [info]: Clicking on getByRole('button', { name: 'Save' })
2026-09-26 13:00:20 [info]: Entering prafulp1010@gmail.com value in Username text box
2026-09-26 13:00:20 [info]: Entering prafulp1010@gmail.com text in locator('#email')
2026-09-26 13:00:20 [info]: Entering Pr@ful0812 value in Password Text box
2026-09-26 13:00:20 [info]: Entering Pr@ful0812 text in locator('#password')
2026-09-26 13:00:20 [info]: Clicking on Login button
2026-09-26 13:00:20 [info]: Clicking on getByRole('button', { name: 'Login' })
2026-09-26 13:00:29 [info]: Clicking on contact links
2026-09-26 13:00:29 [info]: Clicking on locator('//ul[@class=\'_navList_3as89_80\']/descendant::a[@href=\'/deals\']')
2026-09-26 13:00:29 [info]: Clicking on locator('//span[text()=\'Contacts\']')
2026-09-26 13:00:29 [info]: Clicking on contact links
2026-09-26 13:00:29 [info]: Clicking on locator('//span[text()=\'Contacts\']')
2026-09-26 13:00:31 [info]: Clicking on locator('//button[text()=\'Create\']')
2026-09-26 13:00:31 [info]: Clicking on Create Button
2026-09-26 13:00:31 [info]: Clicking on getByRole('button', { name: 'Create' })
2026-09-26 13:00:33 [info]: Entering Mobile Deals text in locator('#title')
2026-09-26 13:00:33 [info]: Entering Jay value in first Name text box
2026-09-26 13:00:33 [info]: Entering Jay text in locator('#first-name')
2026-09-26 13:00:34 [info]: Clicking on getByRole('button', { name: 'Save' })
2026-09-26 13:00:34 [info]: Entering Sipes-Watsica value in Last Name Text box
2026-09-26 13:00:34 [info]: Entering Sipes-Watsica text in locator('#last-name')
2026-09-26 13:00:38 [info]: Selecting Contact dropdown value
2026-09-26 13:00:38 [info]: Locating locator('#category') and Selecting the Contact dropdown values
2026-09-26 13:00:39 [info]: Selecting New dropdown value 
2026-09-26 13:00:39 [info]: Locating locator('#status') and Selecting the New dropdown values
2026-09-26 13:00:40 [info]: Clicking on Save button
2026-09-26 13:00:40 [info]: Clicking on getByRole('button', { name: 'Save' })
2026-09-27 11:44:52 [info]: Entering prafulp1010@gmail.com value in Username text box
2026-09-27 11:44:52 [info]: Entering prafulp1010@gmail.com text in locator('#email')
2026-09-27 11:44:52 [info]: Entering Pr@ful0812 value in Password Text box
2026-09-27 11:44:52 [info]: Entering Pr@ful0812 text in locator('#password')
2026-09-27 11:44:52 [info]: Clicking on Login button
2026-09-27 11:44:52 [info]: Clicking on getByRole('button', { name: 'Login' })
2026-09-27 11:45:02 [info]: Clicking on contact links
2026-09-27 11:45:02 [info]: Clicking on locator('//span[text()=\'Contacts\']')
2026-09-27 11:45:02 [info]: Clicking on contact links
2026-09-27 11:45:02 [info]: Clicking on locator('//span[text()=\'Contacts\']')
2026-09-27 11:45:02 [info]: Clicking on locator('//ul[@class=\'_navList_3as89_80\']/descendant::a[@href=\'/deals\']')
2026-09-27 11:45:03 [info]: Clicking on Create Button
2026-09-27 11:45:03 [info]: Clicking on getByRole('button', { name: 'Create' })
2026-09-27 11:45:04 [info]: Clicking on locator('//button[text()=\'Create\']')
2026-09-27 11:45:06 [info]: Entering Mobile Deals text in locator('#title')
2026-09-27 11:45:06 [info]: Entering Nigel value in first Name text box
2026-09-27 11:45:06 [info]: Entering Nigel text in locator('#first-name')
2026-09-27 11:45:07 [info]: Clicking on getByRole('button', { name: 'Save' })
2026-09-27 11:45:07 [info]: Entering Grady value in Last Name Text box
2026-09-27 11:45:07 [info]: Entering Grady text in locator('#last-name')
2026-09-27 11:45:11 [info]: Selecting Contact dropdown value
2026-09-27 11:45:11 [info]: Locating locator('#category') and Selecting the Contact dropdown values
2026-09-27 11:45:12 [info]: Selecting New dropdown value 
2026-09-27 11:45:12 [info]: Locating locator('#status') and Selecting the New dropdown values
2026-09-27 11:45:13 [info]: Clicking on Save button
2026-09-27 11:45:13 [info]: Clicking on getByRole('button', { name: 'Save' })
2026-09-27 12:01:19 [info]: Entering prafulp1010@gmail.com value in Username text box
2026-09-27 12:01:19 [info]: Entering prafulp1010@gmail.com text in locator('#email')
2026-09-27 12:01:19 [info]: Entering Pr@ful0812 value in Password Text box
2026-09-27 12:01:19 [info]: Entering Pr@ful0812 text in locator('#password')
2026-09-27 12:01:19 [info]: Clicking on Login button
2026-09-27 12:01:19 [info]: Clicking on getByRole('button', { name: 'Login' })
2026-09-27 12:01:25 [info]: Clicking on locator('//nav[@class=\'_nav_3as89_1\']/descendant::a[@href=\'/tasks\']')
2026-09-27 12:02:02 [info]: Entering prafulp1010@gmail.com value in Username text box
2026-09-27 12:02:02 [info]: Entering prafulp1010@gmail.com text in locator('#email')
2026-09-27 12:02:03 [info]: Entering Pr@ful0812 value in Password Text box
2026-09-27 12:02:03 [info]: Entering Pr@ful0812 text in locator('#password')
2026-09-27 12:02:03 [info]: Clicking on Login button
2026-09-27 12:02:03 [info]: Clicking on getByRole('button', { name: 'Login' })
2026-09-27 12:02:10 [info]: Clicking on locator('//nav[@class=\'_nav_3as89_1\']/descendant::a[@href=\'/tasks\']')
2026-09-27 12:02:12 [info]: Clicking on getByRole('button', { name: 'Create' })
2026-09-27 12:02:13 [info]: Entering undefined text in locator('#title')
2026-09-27 12:02:18 [info]: Clicking on locator('//nav[@class=\'_nav_3as89_1\']/descendant::a[@href=\'/tasks\']')
2026-09-27 12:02:20 [info]: Clicking on getByRole('button', { name: 'Create' })
2026-09-27 12:02:21 [info]: Entering undefined text in locator('#title')
2026-09-27 12:02:27 [info]: Clicking on locator('//nav[@class=\'_nav_3as89_1\']/descendant::a[@href=\'/tasks\']')
2026-09-27 12:02:28 [info]: Clicking on getByRole('button', { name: 'Create' })
2026-09-27 12:02:29 [info]: Entering undefined text in locator('#title')
2026-09-27 12:02:34 [info]: Clicking on locator('//nav[@class=\'_nav_3as89_1\']/descendant::a[@href=\'/tasks\']')
2026-09-27 12:02:36 [info]: Clicking on getByRole('button', { name: 'Create' })
2026-09-27 12:02:37 [info]: Entering undefined text in locator('#title')
2026-09-27 12:04:12 [info]: Entering prafulp1010@gmail.com value in Username text box
2026-09-27 12:04:12 [info]: Entering prafulp1010@gmail.com text in locator('#email')
2026-09-27 12:04:12 [info]: Entering Pr@ful0812 value in Password Text box
2026-09-27 12:04:12 [info]: Entering Pr@ful0812 text in locator('#password')
2026-09-27 12:04:12 [info]: Clicking on Login button
2026-09-27 12:04:12 [info]: Clicking on getByRole('button', { name: 'Login' })
2026-09-27 12:04:20 [info]: Clicking on locator('//nav[@class=\'_nav_3as89_1\']/descendant::a[@href=\'/tasks\']')
2026-09-27 12:04:22 [info]: Clicking on getByRole('button', { name: 'Create' })
2026-09-27 12:04:23 [info]: Entering Automation Code text in locator('#title')
2026-09-27 12:04:24 [info]: Entering Automation code using playwright text in locator('._textarea_1hcox_39')
2026-09-27 12:04:25 [info]: Entering 80% text in locator('#completion')
2026-09-27 12:04:31 [info]: Clicking on locator('//nav[@class=\'_nav_3as89_1\']/descendant::a[@href=\'/tasks\']')
2026-09-27 12:04:33 [info]: Clicking on getByRole('button', { name: 'Create' })
2026-09-27 12:04:34 [info]: Entering Automation Code text in locator('#title')
2026-09-27 12:04:35 [info]: Entering Automation code using playwright text in locator('._textarea_1hcox_39')
2026-09-27 12:04:36 [info]: Entering 80% text in locator('#completion')
2026-09-27 12:04:43 [info]: Clicking on locator('//nav[@class=\'_nav_3as89_1\']/descendant::a[@href=\'/tasks\']')
2026-09-27 12:04:44 [info]: Clicking on getByRole('button', { name: 'Create' })
2026-09-27 12:04:45 [info]: Entering Automation Code text in locator('#title')
2026-09-27 12:04:46 [info]: Entering Automation code using playwright text in locator('._textarea_1hcox_39')
2026-09-27 12:04:47 [info]: Entering 80% text in locator('#completion')
2026-09-27 12:04:54 [info]: Clicking on locator('//nav[@class=\'_nav_3as89_1\']/descendant::a[@href=\'/tasks\']')
2026-09-27 12:04:56 [info]: Clicking on getByRole('button', { name: 'Create' })
2026-09-27 12:04:57 [info]: Entering Automation Code text in locator('#title')
2026-09-27 12:04:58 [info]: Entering Automation code using playwright text in locator('._textarea_1hcox_39')
2026-09-27 12:04:59 [info]: Entering 80% text in locator('#completion')
2026-09-27 12:05:35 [info]: Entering prafulp1010@gmail.com value in Username text box
2026-09-27 12:05:35 [info]: Entering prafulp1010@gmail.com text in locator('#email')
2026-09-27 12:05:35 [info]: Entering Pr@ful0812 value in Password Text box
2026-09-27 12:05:35 [info]: Entering Pr@ful0812 text in locator('#password')
2026-09-27 12:05:35 [info]: Clicking on Login button
2026-09-27 12:05:35 [info]: Clicking on getByRole('button', { name: 'Login' })
2026-09-27 12:05:44 [info]: Clicking on locator('//nav[@class=\'_nav_3as89_1\']/descendant::a[@href=\'/tasks\']')
2026-09-27 12:05:45 [info]: Clicking on getByRole('button', { name: 'Create' })
2026-09-27 12:05:46 [info]: Entering Automation Code text in locator('#title')
2026-09-27 12:05:47 [info]: Entering Automation code using playwright text in locator('._textarea_1hcox_39')
2026-09-27 12:05:48 [info]: Entering 80 text in locator('#completion')
2026-09-27 12:05:49 [info]: Clicking on getByRole('button', { name: 'Save' })
